ID,Fecha,ClienteID,ProductoID,Cantidad,Total
1,2023-11-10,62,24,6,313.9192623916117
2,2023-04-05,10,32,10,486.30956720417436
3,2023-08-11,14,48,1,757.8973346186016
4,2023-01-31,100,7,8,425.86199616147917
5,2023-12-30,66,20,6,744.7079685017543
6,2023-07-10,27,6,4,762.1322950329429
7,2023-02-22,13,16,1,122.84289293636252
8,2023-10-22,87,29,6,290.5265762816422
9,2023-02-14,72,31,10,644.6161011740719
10,2023-08-02,49,18,9,657.0380899399343
11,2023-10-27,29,34,10,536.2401788273501
12,2023-07-18,99,1,4,123.98998486701024
13,2023-04-08,67,3,8,341.7156059689652
14,2023-07-23,34,1,3,995.6803624084858
15,2023-05-14,54,24,7,279.7701698625332
16,2023-10-31,75,26,3,498.0959856461475
17,2023-09-23,58,17,8,476.3595788541648
18,2023-04-23,33,4,1,487.1950415336909
19,2023-10-15,47,16,1,852.113788823879
20,2023-10-08,69,16,9,970.8888018779546
21,2023-04-16,39,19,6,508.8160248220673
22,2023-10-29,38,30,2,123.99605549815979
23,2023-06-02,48,31,10,584.4601204700432
24,2023-04-13,23,43,6,611.1985935440794
25,2023-10-30,4,23,2,931.1297044880847
26,2023-06-28,3,31,5,304.7127354172003
27,2023-10-31,99,33,2,917.3206390070268
28,2023-09-03,50,16,1,406.08294443265487
29,2023-01-18,9,49,4,751.7868430113318
30,2023-01-04,42,30,4,981.4158357817412
31,2023-03-26,21,39,1,391.61074792666403
32,2023-08-09,93,3,4,973.5161770161354
33,2023-08-15,26,3,4,880.466424737154
34,2023-07-15,34,8,5,391.7246443106449
35,2023-01-11,100,13,7,332.7657263073038
36,2023-05-16,13,24,6,370.74927315003777
37,2023-08-13,30,15,2,154.63022290822616
38,2023-10-31,91,30,4,608.4638447994619
39,2023-01-24,91,44,5,179.15399630863516
40,2023-12-14,86,26,5,176.08564177855965
41,2023-09-18,100,21,7,856.4537604832713
42,2023-10-10,12,33,4,427.4406995641742
43,2023-11-21,96,18,5,741.6830261985019
44,2023-11-30,62,18,5,150.80982358332705
45,2023-12-29,53,33,7,269.97969400474994
46,2023-10-30,97,45,1,133.6885489174241
47,2023-05-02,22,28,9,463.3044385469134
48,2023-08-29,55,38,8,138.90039572870316
49,2023-12-04,82,2,6,787.1644353007782
50,2023-04-15,2,25,2,350.1173615819015
51,2023-11-28,52,48,10,572.6763087938584
52,2023-01-11,53,24,7,806.0342111259715
53,2023-11-30,80,12,6,643.077267326197
54,2023-03-17,72,26,1,894.5603436191499
55,2023-07-07,66,29,9,831.1668017525818
56,2023-12-04,100,16,5,571.5086185835439
57,2023-11-01,70,25,6,486.87348525595434
58,2023-07-17,54,30,1,656.641918034191
59,2023-07-30,55,5,1,306.53596323983703
60,2023-07-15,51,11,8,234.56723949522933
61,2023-06-08,91,6,5,334.8664516735894
62,2023-01-28,85,25,1,217.38133209550278
63,2023-03-12,16,9,8,527.8246396704035
64,2023-08-06,64,36,8,459.36927306318034
65,2023-06-02,39,4,2,150.0368226388401
66,2023-06-03,71,40,6,680.6511513604601
67,2023-03-31,68,2,5,220.42303356659266
68,2023-07-16,94,41,7,726.8978307876058
69,2023-06-29,57,16,6,361.5982761844584
70,2023-11-16,17,17,1,337.7923101720073
71,2023-11-02,31,16,1,893.407225268303
72,2023-08-09,86,26,10,295.6931423083018
73,2023-08-19,90,8,4,852.4856332129526
74,2023-04-13,69,37,4,656.1393557436071
75,2023-01-16,88,42,5,867.143184208271
76,2023-01-04,56,7,2,563.4475111331649
77,2023-05-17,58,36,3,319.64105072553104
78,2023-08-23,62,7,5,756.9146165504529
79,2023-04-12,7,50,10,971.1605111518305
80,2023-09-19,51,1,6,998.566419055615
81,2023-10-31,25,16,9,921.4836206497637
82,2023-07-09,53,24,1,387.92095568181963
83,2023-05-04,20,45,1,632.6480952796912
84,2023-09-08,72,16,8,782.2088257751324
85,2023-10-21,98,7,6,237.07494095745227
86,2023-07-17,36,34,3,326.9910827588766
87,2023-08-26,6,42,7,474.00573090387036
88,2023-11-30,65,27,9,178.18946880988494
89,2023-12-06,28,23,5,598.8780274552889
90,2023-03-14,83,6,3,322.3887797725064
91,2023-07-03,59,3,7,454.158053502375
92,2023-02-16,28,44,10,692.9201313120606
93,2023-12-22,40,9,1,497.4435902687646
94,2023-01-06,8,40,6,609.9535897834013
95,2023-03-05,90,48,10,974.9907449124711
96,2023-09-11,47,26,7,172.47988472823147
97,2023-10-22,26,22,5,516.4659532751447
98,2023-07-28,6,27,6,211.60328096877345
99,2023-04-13,73,44,1,160.51988612576096
100,2023-08-17,12,47,10,111.38267877855878
101,2023-03-21,91,12,6,790.7504233136779
102,2023-05-30,80,43,9,747.9883263577469
103,2023-09-10,77,22,1,541.6602751853694
104,2023-08-08,27,28,2,606.9961238339109
105,2023-01-21,6,29,2,915.7494576801037
106,2023-04-30,85,18,7,526.4530724339896
107,2023-09-21,29,17,10,790.5608917868601
108,2023-05-02,12,43,9,350.0161170407713
109,2023-03-22,84,36,4,612.1709261647641
110,2023-03-04,53,29,3,764.8207109437673
111,2023-07-20,40,16,5,272.8857418253906
112,2023-10-23,89,31,4,454.84336547650156
113,2023-10-29,55,30,9,901.9513380675755
114,2023-06-29,20,44,3,739.1165583774465
115,2023-08-30,81,48,9,794.2802774785843
116,2023-03-03,85,31,10,940.7339671506785
117,2023-03-19,38,15,2,382.33875625423997
118,2023-06-09,71,40,6,244.0254855747586
119,2023-05-23,31,49,3,409.1340143888178
120,2023-04-24,69,14,10,719.2043906872746
121,2023-05-19,35,10,5,921.0225832258667
122,2023-06-28,1,2,9,876.1888076040809
123,2023-07-04,19,25,4,707.9513269094482
124,2023-08-25,93,43,5,807.435261277901
125,2023-05-12,64,39,3,909.0797510517124
126,2023-12-07,32,2,4,200.81801242562983
127,2023-10-27,2,32,9,424.2923875612628
128,2023-12-19,3,49,2,242.54680528895952
129,2023-12-17,7,33,8,768.4238582626461
130,2023-06-21,45,19,8,600.8561471988152
131,2023-11-16,66,20,6,531.5817584996057
132,2023-03-13,64,20,4,656.7152339268165
133,2023-12-03,54,2,7,166.39879625950874
134,2023-11-18,13,25,4,822.9933049430044
135,2023-09-25,18,16,1,499.75168424626247
136,2023-06-17,66,10,1,254.728707390175
137,2023-08-10,72,39,10,842.7436018840384
138,2023-01-13,29,45,9,779.6750310320638
139,2023-04-21,9,8,1,771.780686778783
140,2023-05-05,98,41,8,804.3408569129385
141,2023-02-24,74,6,6,682.1102635615956
142,2023-08-23,36,21,8,329.37727119960977
143,2023-07-28,86,4,3,322.72414421674046
144,2023-01-04,85,30,5,913.2033853648727
145,2023-02-22,58,30,1,835.5316760916841
146,2023-11-07,8,41,2,530.1551808810833
147,2023-08-04,8,10,2,148.70333773079156
148,2023-05-17,21,2,5,827.7167996381563
149,2023-02-17,6,2,5,235.1884035477191
150,2023-02-03,79,27,9,252.41309586269807
151,2023-11-16,57,44,7,790.9986912703217
152,2023-11-28,30,49,4,499.46123093038256
153,2023-11-23,63,41,9,513.7169941076111
154,2023-01-05,45,42,7,469.25032624026124
155,2023-05-13,44,16,3,198.70726593091644
156,2023-03-28,91,2,5,384.3411717334913
157,2023-06-10,10,38,6,122.45183515530272
158,2023-07-08,7,4,8,347.7707182951062
159,2023-11-08,72,18,9,625.7955738469462
160,2023-02-05,70,4,2,878.3391922465418
161,2023-06-23,85,5,2,594.6427347661564
162,2023-08-29,21,48,5,632.8977217764542
163,2023-05-22,72,27,2,185.13209630049644
164,2023-11-27,40,37,10,828.4571909750098
165,2023-04-28,16,21,1,797.1040150763031
166,2023-02-20,36,50,6,718.8669375831889
167,2023-12-19,11,48,7,801.5847795768008
168,2023-05-13,32,36,7,267.4355744470796
169,2023-11-20,5,1,5,859.1422938068089
170,2023-10-30,41,13,9,319.9426220627862
171,2023-02-19,99,5,6,750.6152341773764
172,2023-09-25,41,22,7,984.2164733672987
173,2023-04-27,61,41,6,909.3632980272446
174,2023-11-03,29,18,2,689.2212370651151
175,2023-01-11,77,14,10,631.1547663642656
176,2023-12-02,1,27,6,130.6081375100865
177,2023-05-16,8,30,1,934.2892867468424
178,2023-08-08,60,11,7,249.38143517962536
179,2023-08-29,53,47,10,580.9184519714418
180,2023-03-14,61,33,4,184.94073828659756
181,2023-05-12,94,39,2,718.4486611612086
182,2023-02-24,61,32,1,474.286970641014
183,2023-06-10,50,43,2,587.8610399443087
184,2023-11-09,49,40,7,495.4936812632955
185,2023-02-18,8,34,1,937.2045754240538
186,2023-03-29,42,43,8,197.97130847850678
187,2023-11-19,58,23,10,781.3623059303247
188,2023-02-11,39,43,1,426.4687273577892
189,2023-09-15,63,3,5,769.7450401382065
190,2023-05-14,38,22,10,382.5760153130945
191,2023-06-20,11,29,1,302.95657298359055
192,2023-06-08,20,1,8,129.18086044593193
193,2023-12-27,58,34,4,116.01610925224995
194,2023-04-04,31,22,10,313.47212860613797
195,2023-05-03,44,5,4,594.308896905109
196,2023-01-13,80,46,7,523.3798425098207
197,2023-04-24,68,10,9,736.3546301857559
198,2023-11-18,23,44,7,492.9225647309039
199,2023-07-20,21,26,4,925.8196615709857
200,2023-12-15,5,36,1,866.8350168747253
201,2023-03-08,53,12,5,638.7331830645645
202,2023-10-25,75,27,7,667.3900305042629
203,2023-02-07,76,39,2,882.7314993349577
204,2023-11-12,26,37,2,495.0457473830804
205,2023-05-16,22,33,4,513.1344835109552
206,2023-12-31,86,2,5,988.5925700950568
207,2023-01-05,8,23,10,526.7519206913179
208,2023-01-02,49,47,8,122.18371646137717
209,2023-02-21,4,15,7,930.4808536310774
210,2023-03-26,92,22,7,408.93423728225827
211,2023-04-07,22,15,10,189.89294018098713
212,2023-12-06,100,17,9,993.295269985148
213,2023-03-06,25,11,10,972.1477145489271
214,2023-06-27,85,35,9,520.3684286236956
215,2023-07-16,58,17,8,655.1880992192041
216,2023-11-21,93,24,6,939.1467559028678
217,2023-07-24,52,30,5,189.38144285006445
218,2023-08-18,4,20,10,970.8960297664622
219,2023-12-13,46,34,8,618.5054254322329
220,2023-03-28,49,29,6,500.6781370883372
221,2023-04-26,19,35,7,750.165177548432
222,2023-03-06,15,37,3,545.7685031806205
223,2023-03-06,38,25,4,260.1388451209692
224,2023-07-26,42,40,8,140.8613418666353
225,2023-11-16,85,35,7,329.0161654255622
226,2023-03-31,1,20,9,762.7674541762049
227,2023-09-18,28,12,3,991.6166204527127
228,2023-11-08,66,14,4,536.5028593840773
229,2023-05-30,19,44,7,532.4261525187677
230,2023-03-13,77,33,6,519.0879829991529
231,2023-11-05,31,9,10,668.0395913232777
232,2023-04-09,4,25,3,223.5934321700595
233,2023-10-28,95,13,9,348.3298561369563
234,2023-04-01,9,22,6,766.1519519021305
235,2023-12-02,42,44,7,754.4383492898492
236,2023-07-23,20,33,5,566.0439384544175
237,2023-04-15,29,46,5,863.9431459911103
238,2023-07-24,86,49,10,203.7021924811612
239,2023-12-13,12,28,3,902.7222616989462
240,2023-07-11,56,50,3,780.7225250333777
241,2023-02-25,13,38,1,107.40001585734426
242,2023-03-01,36,31,5,691.197978196524
243,2023-07-09,82,9,7,383.9045991949331
244,2023-07-28,31,22,2,777.1546380103472
245,2023-09-14,38,43,5,583.5961153517331
246,2023-07-06,90,45,10,334.60609410388815
247,2023-06-26,57,17,1,366.5461707140339
248,2023-05-31,87,34,4,544.2487524394171
249,2023-12-21,6,25,5,137.37805652062474
250,2023-11-09,65,5,9,926.6574045352623
251,2023-01-11,61,9,2,988.0197201273927
252,2023-03-13,88,45,10,249.74859826590802
253,2023-03-10,66,42,9,268.6038972865064
254,2023-08-12,50,7,9,434.87521338926894
255,2023-06-10,93,13,1,702.7927708615142
256,2023-03-05,48,45,2,906.2366929230208
257,2023-06-01,31,36,9,454.13449047276464
258,2023-11-01,23,34,5,897.0887917840641
259,2023-04-02,15,24,2,608.6116332115985
260,2023-08-05,96,22,10,752.383414688453
261,2023-09-28,62,21,2,246.49477776951798
262,2023-10-25,3,5,9,964.5957709038113
263,2023-03-05,25,39,3,385.3895340745994
264,2023-06-21,38,31,6,330.8549263300331
265,2023-08-29,43,48,4,998.2339945880846
266,2023-06-02,69,8,8,878.6350001601543
267,2023-11-05,41,22,4,113.39832891350888
268,2023-07-22,42,50,6,501.58782791471197
269,2023-01-30,48,43,6,114.48384902180392
270,2023-12-24,94,50,4,757.7836719980621
271,2023-10-22,64,27,5,120.02993880805371
272,2023-12-11,36,28,9,782.4178525970208
273,2023-03-01,42,1,1,295.07983902763567
274,2023-08-22,21,36,4,585.2745621229324
275,2023-06-03,54,10,8,538.1465522540934
276,2023-05-24,84,21,6,909.8573177368934
277,2023-10-16,49,38,9,989.0994642431612
278,2023-09-08,94,14,2,932.3171420184872
279,2023-05-16,80,22,5,578.4312429186324
280,2023-12-14,15,20,7,496.93157257952566
281,2023-06-01,22,34,2,700.6339464511335
282,2023-03-19,74,45,9,331.1042768494271
283,2023-10-04,51,13,2,141.1289892627054
284,2023-08-20,98,20,8,883.0551188156727
285,2023-12-28,2,50,1,833.1666583281833
286,2023-08-08,53,35,6,568.1406841504479
287,2023-02-13,26,26,10,807.669146800825
288,2023-07-18,83,21,1,512.086598263405
289,2023-07-26,99,36,5,520.4497813265857
290,2023-02-11,12,38,5,663.5787205427988
291,2023-12-24,60,23,7,106.34830830563904
292,2023-05-02,32,23,5,780.912158971007
293,2023-06-22,11,32,3,232.732278142083
294,2023-02-24,31,29,7,935.2852375826167
295,2023-07-20,2,12,5,379.86649155045757
296,2023-12-14,46,15,1,619.3674970001844
297,2023-10-16,76,22,7,134.03449524448348
298,2023-10-31,56,31,2,823.4774455656981
299,2023-05-23,64,44,3,382.9783381462063
300,2023-07-28,84,4,1,768.8350807949827
301,2023-07-16,90,47,5,622.2157728291813
302,2023-12-09,30,29,3,510.115322508006
303,2023-12-16,88,40,4,902.7187649356932
304,2023-09-09,30,50,1,443.1971982263346
305,2023-12-13,89,10,6,745.7856549706164
306,2023-11-17,6,2,9,235.05989536407188
307,2023-10-21,27,34,1,957.8961930339462
308,2023-04-14,81,34,4,380.41114951168043
309,2023-11-04,9,15,2,950.6713935538513
310,2023-05-09,50,23,4,180.69112263746393
311,2023-08-19,98,41,6,180.69281967534886
312,2023-03-09,37,3,4,847.0485466493589
313,2023-01-31,26,30,9,555.4929992700831
314,2023-05-11,17,12,9,755.7512697572361
315,2023-02-11,42,4,2,231.9311067980649
316,2023-02-11,79,9,1,400.2495121244606
317,2023-03-13,14,8,8,328.5544900343118
318,2023-06-01,46,14,5,981.9357360037263
319,2023-05-04,73,2,6,482.4239363713398
320,2023-12-01,75,36,10,357.9473735461485
321,2023-12-18,52,22,2,971.2060660941937
322,2023-02-10,30,6,10,421.08319423152335
323,2023-09-25,7,23,3,860.4345304901971
324,2023-10-12,94,9,3,591.7392068455961
325,2023-10-07,70,16,3,365.79279861208533
326,2023-07-25,94,8,3,887.5111360730392
327,2023-12-15,27,43,4,590.5840001657957
328,2023-02-11,87,11,10,577.7168442179408
329,2023-09-08,12,42,4,399.5482357347466
330,2023-10-27,95,14,1,962.1367284585124
331,2023-03-31,20,37,4,341.1521572898106
332,2023-12-14,53,7,3,583.7811784944882
333,2023-06-27,28,2,4,633.1297503044332
334,2023-10-04,50,50,9,427.9008205432355
335,2023-01-13,37,37,2,952.8247930499775
336,2023-02-11,59,5,10,485.0013497151187
337,2023-04-20,61,16,7,452.4991051868297
338,2023-05-07,59,46,1,700.4717474463257
339,2023-05-13,3,27,6,814.3001040206806
340,2023-07-16,19,2,4,290.9353911882532
341,2023-10-15,36,45,3,625.739914147229
342,2023-10-20,23,20,2,375.97179818353885
343,2023-05-07,46,27,7,614.5721732527904
344,2023-08-01,87,19,9,251.62739269541302
345,2023-11-26,54,41,3,252.69005855349107
346,2023-03-07,92,16,10,670.6238604148838
347,2023-05-16,85,19,8,144.8987132604011
348,2023-11-29,81,41,4,675.8481815503956
349,2023-03-30,28,47,7,277.7895014760685
350,2023-01-23,60,39,10,282.7418851730755
351,2023-04-23,57,31,7,846.3838681381894
352,2023-02-19,25,14,6,864.8615368885169
353,2023-11-05,53,17,5,559.2207345032875
354,2023-09-09,13,32,8,586.6686424951256
355,2023-11-18,7,21,6,815.8616780366896
356,2023-09-22,27,7,3,431.05319840300143
357,2023-11-19,54,47,6,675.0597486516134
358,2023-04-03,3,39,10,155.56117283820691
359,2023-10-15,77,3,9,548.590471825238
360,2023-06-21,70,41,8,774.5004656043474
361,2023-07-23,10,13,4,318.1914585926322
362,2023-03-30,26,43,8,770.2947904241913
363,2023-09-26,29,26,4,258.342698403495
364,2023-09-12,81,1,10,918.1112940821115
365,2023-07-18,1,21,2,470.86898043911617
366,2023-05-21,27,20,10,280.6494984698428
367,2023-12-28,84,45,9,304.86019517305937
368,2023-04-09,82,18,5,857.6286960723337
369,2023-10-04,61,17,9,379.85485877814824
370,2023-09-16,59,8,5,298.53266312741675
371,2023-05-25,61,49,10,367.9067650932997
372,2023-02-28,55,36,6,146.17536602227665
373,2023-01-15,36,17,1,972.769427795646
374,2023-01-06,98,19,7,187.026246289585
375,2023-03-04,52,24,5,450.88689534894075
376,2023-11-27,43,42,2,379.34494357801145
377,2023-03-12,39,37,10,845.2078285807522
378,2023-01-01,21,40,2,854.509010553493
379,2023-03-28,1,21,7,667.9235168019421
380,2023-01-17,79,1,6,408.28811884570564
381,2023-12-19,58,44,1,182.35199053441204
382,2023-09-09,84,31,2,471.6810167044595
383,2023-10-31,80,48,7,976.5526808168611
384,2023-10-06,37,9,2,111.16757743481638
385,2023-03-31,75,19,1,846.6453751999287
386,2023-05-25,86,42,6,380.7236828669708
387,2023-01-21,65,44,10,243.38498454303638
388,2023-08-26,41,12,4,971.5643258298115
389,2023-08-24,60,17,8,166.220449576857
390,2023-06-25,82,47,10,425.2597281700736
391,2023-01-16,90,8,3,261.58132798350334
392,2023-03-02,63,2,3,378.58855679720676
393,2023-09-01,26,29,8,429.40486950357365
394,2023-03-13,4,3,10,104.65077436993477
395,2023-01-18,18,3,7,798.6731578521593
396,2023-02-08,69,31,3,994.3690213706686
397,2023-04-07,6,4,8,460.62151725361093
398,2023-04-12,12,34,9,835.6615496113993
399,2023-05-06,65,45,1,953.9483616467342
400,2023-02-17,59,36,5,458.6858185249503
401,2023-08-03,66,50,5,530.0242820026824
402,2023-05-11,99,13,9,575.1047894090771
403,2023-02-07,2,27,10,769.1152822015026
404,2023-11-20,70,39,9,336.8716573761867
405,2023-11-19,91,3,1,717.3894663454479
406,2023-04-17,98,47,10,784.2606373015835
407,2023-02-25,9,21,2,767.4909091021041
408,2023-07-04,20,13,5,585.0870282037565
409,2023-07-05,10,34,2,945.5256900460295
410,2023-04-14,25,38,2,900.6176826570528
411,2023-11-10,79,9,5,166.76259363017144
412,2023-06-24,55,14,4,908.7095926164986
413,2023-02-27,55,38,1,154.46111072214572
414,2023-12-11,13,42,2,415.9597207865454
415,2023-07-06,73,45,8,729.3430307623818
416,2023-09-23,65,39,10,562.8973423286614
417,2023-11-02,77,30,10,773.8633366453621
418,2023-08-20,10,3,7,629.1469578209686
419,2023-05-18,100,10,9,456.00698582679036
420,2023-10-14,95,47,9,804.2040177080535
421,2023-10-13,72,3,1,630.0234640012211
422,2023-06-02,38,1,1,156.53274629022226
423,2023-04-26,84,34,2,706.7026758403013
424,2023-07-10,95,23,5,201.3938554553822
425,2023-09-13,84,29,8,928.591494121843
426,2023-05-05,39,37,3,644.3561218346352
427,2023-09-06,67,16,10,436.84919364240193
428,2023-11-13,42,20,3,134.87792181383685
429,2023-11-10,1,45,9,298.7721526170985
430,2023-12-05,8,31,6,700.9768108572403
431,2023-04-03,59,28,7,874.2328413424299
432,2023-05-06,87,27,8,966.9128019619507
433,2023-01-14,9,43,7,220.99818063680743
434,2023-07-03,27,8,1,448.9009686960736
435,2023-02-13,11,33,9,545.5152707597749
436,2023-06-26,47,23,9,841.4313552339162
437,2023-11-26,94,10,2,255.18502935314507
438,2023-05-05,15,25,9,938.2106322699454
439,2023-07-26,41,13,5,134.2567061340894
440,2023-03-06,18,6,1,958.8405430252637
441,2023-06-19,87,8,3,744.140968820311
442,2023-10-06,98,7,1,922.7484515776846
443,2023-02-07,97,30,3,723.0461563786491
444,2023-09-23,22,49,2,179.67841099864182
445,2023-01-19,1,38,2,599.658130149837
446,2023-05-26,17,3,3,922.7572827175289
447,2023-08-03,64,25,10,533.5258047515822
448,2023-07-16,13,9,5,552.4532424637237
449,2023-09-24,27,27,10,462.3542864667207
450,2023-05-12,50,43,3,861.9229897167692
451,2023-12-25,71,31,5,972.0546826362786
452,2023-07-19,70,48,2,214.5096711332913
453,2023-03-17,84,28,9,942.4072939700171
454,2023-08-28,81,12,1,802.2526121072121
455,2023-03-24,55,23,4,332.06258885952514
456,2023-06-26,91,47,4,598.2593869455161
457,2023-10-04,70,45,5,604.7245888354555
458,2023-10-07,44,48,8,305.69764003310365
459,2023-07-07,1,33,10,725.0474534445883
460,2023-09-04,83,43,7,784.1411178887707
461,2023-10-15,91,24,3,336.45903973383554
462,2023-06-26,39,44,8,719.3765806388272
463,2023-08-31,75,22,3,809.3459162133876
464,2023-09-29,45,23,6,909.709470613788
465,2023-10-02,16,20,7,273.2036897881816
466,2023-03-21,54,37,3,922.4646062146145
467,2023-12-01,98,39,6,317.89363972968374
468,2023-03-10,80,20,2,455.2979209436929
469,2023-08-05,93,36,3,358.1527992757134
470,2023-12-05,3,28,10,621.4171130945278
471,2023-02-25,96,46,1,314.0308309611494
472,2023-10-18,25,27,4,665.6932190770689
473,2023-02-22,55,3,1,343.1580341898233
474,2023-03-05,49,46,5,899.7592799945253
475,2023-05-22,95,16,9,802.8576111585086
476,2023-06-17,9,48,6,197.78377667922135
477,2023-03-05,79,27,5,303.9822639580927
478,2023-07-06,72,18,9,490.222183795792
479,2023-06-28,42,1,10,333.7388508611366
480,2023-10-15,71,9,1,336.07655559496914
481,2023-11-20,27,9,7,653.375919427895
482,2023-09-21,2,30,4,822.9494056641682
483,2023-01-23,6,21,2,334.7023037779267
484,2023-01-17,35,29,5,112.52800543979745
485,2023-07-22,3,3,1,361.65772558572183
486,2023-03-13,17,31,4,349.6039382631395
487,2023-03-05,46,5,6,915.8875374193592
488,2023-06-30,80,27,2,390.01819777035547
489,2023-01-12,66,10,10,394.00064401108307
490,2023-04-09,15,37,9,523.5227589796906
491,2023-08-26,19,46,3,307.32198401724054
492,2023-02-18,20,44,7,346.2458750108295
493,2023-03-01,30,18,7,507.62101738577434
494,2023-06-02,80,16,10,536.9840453001964
495,2023-07-26,4,9,1,727.7592570361181
496,2023-08-24,38,22,8,851.0140173494342
497,2023-08-31,16,26,2,461.7459587357213
498,2023-03-17,38,19,9,206.0018958276899
499,2023-08-16,17,5,5,710.7097859578562
500,2023-02-28,92,49,8,414.14026513119103
501,2023-10-09,59,26,6,976.0066269003862
502,2023-11-13,74,33,2,387.9506562035054
503,2023-12-01,74,31,2,655.8990619171494
504,2023-03-09,48,35,10,764.5825606734447
505,2023-07-04,36,22,8,920.8600479246927
506,2023-03-17,41,7,4,627.9326280808065
507,2023-12-14,71,15,10,805.3279393363252
508,2023-05-06,33,10,3,930.7533889343039
509,2023-04-18,53,44,6,630.421102238531
510,2023-08-28,79,37,5,351.91006984751914
511,2023-05-25,24,37,1,458.1391587863191
512,2023-10-17,74,21,4,537.0616230170926
513,2023-03-26,85,12,8,669.798332804522
514,2023-11-23,65,13,5,823.7378992303335
515,2023-06-16,23,23,2,397.53422598315944
516,2023-01-06,2,50,4,902.7077040117828
517,2023-08-11,74,35,2,573.3336287195016
518,2023-09-15,89,16,5,478.88179827047065
519,2023-01-25,92,14,6,637.2923900636189
520,2023-11-24,100,6,2,678.5837664019507
521,2023-04-12,95,32,5,670.5368345442714
522,2023-06-22,39,11,2,369.55896265330944
523,2023-07-13,66,31,5,931.8620629932014
524,2023-01-14,61,21,1,898.5939974215139
525,2023-01-29,80,30,2,525.5662015164792
526,2023-12-06,59,10,8,675.4044124685241
527,2023-09-10,20,29,8,844.8709859903299
528,2023-06-13,72,37,10,652.2759240149676
529,2023-01-25,13,30,9,590.2568252266396
530,2023-02-24,15,19,4,602.1467961171845
531,2023-03-01,75,15,2,660.3492778540815
532,2023-06-13,21,7,2,854.2081146431884
533,2023-12-19,52,46,2,686.6337866950482
534,2023-03-09,61,13,4,373.4436199404128
535,2023-06-27,33,42,5,812.3483055739713
536,2023-09-14,72,21,10,822.5275549537112
537,2023-10-13,48,33,2,207.03566562428108
538,2023-01-16,93,10,4,897.0290688621566
539,2023-06-19,71,28,6,368.60305815067966
540,2023-11-29,21,39,8,701.934218439418
541,2023-09-16,19,1,4,844.9050927862107
542,2023-11-13,59,21,6,520.7833098799359
543,2023-03-19,83,7,8,848.300390949723
544,2023-07-10,57,14,5,176.34069868739198
545,2023-11-08,77,30,5,364.52971852952095
546,2023-04-06,88,46,2,262.4494393166956
547,2023-08-21,92,18,3,328.170917178194
548,2023-10-10,94,42,7,660.7321813196804
549,2023-12-24,27,36,4,453.77707989096587
550,2023-02-08,23,37,4,483.84605088027484
551,2023-10-23,20,24,3,609.7040311012096
552,2023-10-26,77,31,2,339.54095736179215
553,2023-12-07,9,43,1,920.0200443913299
554,2023-08-26,12,12,3,370.6966203879626
555,2023-02-04,59,18,1,541.6422956644428
556,2023-03-28,20,50,9,340.33264037540823
557,2023-02-08,95,28,6,145.896063490112
558,2023-02-09,31,32,6,938.2749832594936
559,2023-09-19,76,47,1,164.59128019600658
560,2023-01-21,38,10,10,137.96962299121765
561,2023-01-11,96,19,1,322.6976090220138
562,2023-01-10,83,1,1,780.1713148800451
563,2023-04-01,83,2,10,944.7497277251578
564,2023-01-17,82,46,8,853.5898364170683
565,2023-02-27,44,8,3,809.1389501708385
566,2023-04-09,15,33,9,705.0528851915637
567,2023-05-09,69,4,5,894.1334731949266
568,2023-03-24,45,2,7,836.0729526183846
569,2023-01-04,69,41,7,275.49693133361586
570,2023-09-18,35,21,2,648.5320038334081
571,2023-06-04,74,50,10,369.1571829214632
572,2023-03-30,27,10,4,893.287798905193
573,2023-08-29,65,27,1,127.24739614237885
574,2023-03-09,21,31,3,455.0561966956018
575,2023-08-09,80,6,10,814.4926863711142
576,2023-09-20,7,25,6,307.9133890101757
577,2023-11-04,63,1,6,664.6325131563921
578,2023-04-29,99,26,8,934.4240575361654
579,2023-05-21,29,29,6,116.65641757746091
580,2023-04-16,35,10,3,620.5670700268847
581,2023-12-17,18,6,3,759.2061343926343
582,2023-02-18,17,7,3,146.58666462238986
583,2023-12-26,32,49,1,939.8802798072853
584,2023-07-10,60,25,6,545.4692835898798
585,2023-03-10,97,39,1,799.3907703801648
586,2023-09-12,47,46,3,469.83972418681174
587,2023-08-25,57,40,6,870.7725387433112
588,2023-02-24,23,36,9,832.2766784968755
589,2023-03-24,59,22,1,353.5814405283936
590,2023-04-28,90,41,4,603.4966773776138
591,2023-10-21,15,21,1,613.9125510477182
592,2023-05-04,29,27,6,277.78505803370507
593,2023-09-26,32,22,2,461.5692398244676
594,2023-01-17,26,33,7,718.3482124727825
595,2023-05-03,52,44,3,905.1036586617132
596,2023-12-25,73,14,2,416.1948766761197
597,2023-03-12,53,47,8,295.8841711219408
598,2023-10-01,83,1,5,637.2501773318759
599,2023-07-08,26,37,2,155.7804323937827
600,2023-10-14,98,34,1,754.2115515124965
601,2023-11-04,93,5,3,613.2700063595588
602,2023-08-21,60,31,6,892.692570627566
603,2023-05-31,49,21,9,104.1123783523704
604,2023-04-18,22,28,8,480.01319138793195
605,2023-10-13,66,33,9,718.9327488320844
606,2023-10-11,54,32,5,162.34773420156682
607,2023-02-16,98,33,10,842.8506602053708
608,2023-02-27,42,14,9,162.29284222626694
609,2023-12-30,39,31,3,684.9163111486658
610,2023-03-04,91,37,7,253.37435851755473
611,2023-11-15,36,39,2,975.7782077815665
612,2023-07-02,57,47,4,614.3118131733148
613,2023-04-19,80,25,10,630.5934206767323
614,2023-09-05,97,21,1,298.4000432771246
615,2023-12-09,5,19,7,123.67182510816889
616,2023-02-07,65,42,8,156.63736378824387
617,2023-01-13,95,13,10,826.2069289792388
618,2023-12-28,47,39,8,181.7033470744966
619,2023-09-04,15,18,6,288.6261399876802
620,2023-04-19,35,23,6,967.6948785559704
621,2023-10-05,49,49,8,277.3192454936377
622,2023-10-29,29,34,3,145.57342704531231
623,2023-06-12,94,28,9,814.0636383125478
624,2023-09-06,32,8,10,636.8234452616422
625,2023-10-30,77,39,4,541.7544241303805
626,2023-07-27,97,2,8,362.42657728644355
627,2023-06-26,20,35,2,216.94684298788013
628,2023-12-08,83,22,5,901.8868857191308
629,2023-10-21,80,44,3,870.1152160846447
630,2023-10-03,89,13,4,404.55982161533177
631,2023-05-21,58,29,9,144.85601924071392
632,2023-02-15,43,33,2,270.5485564624336
633,2023-09-29,59,21,10,309.16129209846457
634,2023-02-26,87,35,6,938.2251105057435
635,2023-02-23,36,46,10,462.6610952559964
636,2023-04-23,69,3,4,684.6378573417402
637,2023-08-24,10,15,8,752.8409736845135
638,2023-02-11,47,4,1,419.74749244129345
639,2023-11-12,81,19,8,838.5072530740606
640,2023-10-15,78,37,1,562.6135876799976
641,2023-02-12,74,25,8,352.9064405830445
642,2023-11-10,94,30,7,885.1426753180667
643,2023-08-11,46,17,7,841.2013440100545
644,2023-09-14,52,34,5,490.5236088782016
645,2023-10-26,87,10,4,109.67399172244589
646,2023-05-17,93,25,9,964.4974795208504
647,2023-12-12,100,24,8,795.630972701704
648,2023-06-25,6,21,7,992.0926598561834
649,2023-02-23,48,31,2,975.3117246688278
650,2023-06-05,92,48,9,394.32872774472054
651,2023-04-12,71,20,4,509.6647080493666
652,2023-01-23,11,24,9,616.7364457517373
653,2023-08-07,46,4,7,289.18504314530423
654,2023-09-24,21,37,3,670.605273730735
655,2023-06-10,72,17,5,814.4813515495907
656,2023-01-03,19,48,5,992.7136622990384
657,2023-06-15,88,37,10,885.692987309955
658,2023-06-23,19,19,4,118.10093318975994
659,2023-03-22,56,9,7,607.4705516690667
660,2023-04-15,57,50,9,236.80191947430083
661,2023-01-09,18,20,2,122.2017392134776
662,2023-09-07,82,32,2,164.2955206918236
663,2023-11-20,78,17,4,787.9144169394173
664,2023-07-15,32,7,4,889.03926138054
665,2023-03-27,76,3,9,409.17790023933446
666,2023-10-15,69,21,4,275.60075640403466
667,2023-05-06,88,34,2,823.63841257259
668,2023-12-01,29,47,3,152.26278518430433
669,2023-07-26,16,15,5,568.3734542194106
670,2023-06-12,42,46,6,797.0249046337569
671,2023-01-09,24,20,7,691.8173280401539
672,2023-08-05,53,21,6,473.02257107931865
673,2023-01-31,59,40,3,382.0465265964357
674,2023-01-20,24,19,7,572.5296792132176
675,2023-05-29,55,44,7,669.0412055163891
676,2023-11-05,77,49,10,706.5831801575837
677,2023-11-01,20,27,8,517.2950010277759
678,2023-06-26,55,18,9,920.0762035442824
679,2023-04-03,89,17,6,313.574419671712
680,2023-05-06,76,15,7,709.7398516915354
681,2023-11-06,44,26,9,449.36868062080043
682,2023-09-26,27,50,5,861.2117688789432
683,2023-08-13,90,5,9,477.05638746751015
684,2023-03-09,46,12,10,744.889055149412
685,2023-06-05,12,26,9,952.1285930118887
686,2023-08-08,79,1,2,468.2919903601105
687,2023-04-30,18,44,4,955.2579332433431
688,2023-11-27,70,40,7,578.4469280454023
689,2023-11-13,28,20,9,458.0847836751282
690,2023-01-30,63,33,6,270.25578643218734
691,2023-12-03,92,31,5,104.53557059604755
692,2023-12-19,83,40,9,166.0587753608695
693,2023-03-16,90,32,1,500.7932362652954
694,2023-05-17,77,22,10,522.0613640951444
695,2023-07-04,83,29,5,972.6247558976919
696,2023-08-01,98,49,10,143.16709593081492
697,2023-02-13,88,40,1,849.1797705250165
698,2023-09-25,45,2,5,531.1874628756701
699,2023-04-06,32,37,4,845.4503353308737
700,2023-04-10,6,28,10,949.3139708453041
701,2023-11-15,76,18,6,997.1740266525131
702,2023-10-12,62,2,10,797.6618401764077
703,2023-10-04,54,18,8,993.6169913769553
704,2023-06-29,92,37,9,696.1472737889526
705,2023-04-27,9,36,7,175.65298123804072
706,2023-03-24,94,31,3,713.5099465775442
707,2023-05-09,35,38,8,153.55772256179725
708,2023-02-06,12,46,4,179.5442349645811
709,2023-07-02,92,9,6,217.7441061393264
710,2023-08-08,59,26,9,900.9913294594365
711,2023-07-13,58,19,6,459.73969774612806
712,2023-02-11,90,6,2,885.3092646097758
713,2023-09-16,32,5,6,336.03285827373304
714,2023-07-18,22,13,7,756.6917785334067
715,2023-01-07,99,28,8,580.1244131582091
716,2023-01-03,47,32,10,799.9891437451316
717,2023-04-21,22,7,8,513.0931885763412
718,2023-09-24,38,25,1,590.5385808551554
719,2023-02-01,40,44,3,413.30905516003156
720,2023-04-20,62,24,10,751.2545486658886
721,2023-09-02,30,31,2,314.1172164413746
722,2023-01-12,60,49,4,893.6110128389506
723,2023-09-02,97,3,5,424.5348933666703
724,2023-09-08,88,49,5,144.71650092924295
725,2023-07-08,21,27,5,332.24515618699303
726,2023-06-02,1,17,1,875.2879829217579
727,2023-12-13,59,4,7,711.1459701506245
728,2023-05-29,14,7,3,523.1920533385912
729,2023-02-12,15,4,2,823.0659855591197
730,2023-12-06,70,36,7,470.8357012366353
731,2023-09-02,64,2,3,798.6450729297239
732,2023-05-07,90,47,9,539.7282126898301
733,2023-07-24,48,3,9,996.608069077054
734,2023-09-05,35,13,7,749.0571895582036
735,2023-08-16,77,3,1,171.38065063626337
736,2023-12-20,99,6,10,522.4198688341596
737,2023-02-20,80,35,4,222.96109617940712
738,2023-05-11,41,20,5,216.2810196685457
739,2023-05-10,32,6,6,714.9203935130363
740,2023-08-02,39,20,6,352.57377182103835
741,2023-02-28,31,17,3,704.2663120767523
742,2023-07-09,25,48,4,764.8121203539886
743,2023-09-23,41,49,8,822.3563776398286
744,2023-10-31,35,18,8,728.7728165491768
745,2023-08-20,25,10,8,287.57931197081837
746,2023-01-24,26,50,4,850.0443241659617
747,2023-08-04,8,50,9,514.6581070320749
748,2023-06-10,22,42,10,768.6234137885294
749,2023-01-15,95,39,4,954.524137740348
750,2023-10-29,88,38,1,598.2757573261579
751,2023-08-27,9,5,9,690.1261948603681
752,2023-08-07,48,46,7,405.953499666272
753,2023-03-19,62,8,8,445.91849038656716
754,2023-04-03,47,43,3,637.3376074402189
755,2023-01-14,71,43,7,200.90394883858008
756,2023-10-29,81,13,1,701.4586257416759
757,2023-10-24,40,43,8,367.4514761460825
758,2023-07-16,42,38,6,146.90485362305387
759,2023-04-07,94,7,6,255.61431350757908
760,2023-08-03,48,21,10,654.71981658194
761,2023-03-19,85,26,10,907.1848318571538
762,2023-06-17,34,36,10,369.09116265090654
763,2023-12-29,34,10,8,159.61811731133224
764,2023-11-09,54,10,10,785.8296721729504
765,2023-03-25,92,25,9,330.59584221935677
766,2023-06-08,94,6,4,977.8379307517282
767,2023-05-11,10,30,2,252.51587254308444
768,2023-06-24,8,32,1,620.3327065603
769,2023-12-18,81,35,2,460.41668600915455
770,2023-11-17,4,49,8,763.145780714867
771,2023-03-15,13,16,8,363.86838587786997
772,2023-07-28,47,38,5,263.93866764984114
773,2023-05-07,85,37,8,973.7988508907672
774,2023-09-22,96,3,2,942.743382725896
775,2023-07-14,12,35,3,963.058110064948
776,2023-09-24,74,3,5,252.17298793574432
777,2023-12-27,74,8,8,171.75753030332504
778,2023-05-24,4,3,3,785.8311587450968
779,2023-09-20,92,20,10,288.5743861738796
780,2023-05-08,51,20,4,418.35726653378043
781,2023-05-03,15,22,10,764.8504040989816
782,2023-10-18,79,42,2,661.4052087900825
783,2023-06-29,50,23,6,192.32330861590935
784,2023-06-20,92,10,7,488.4900747716455
785,2023-07-19,10,19,8,898.6073302159773
786,2023-09-28,41,31,2,312.76674382530314
787,2023-05-11,69,45,9,613.5218301234584
788,2023-05-13,94,16,10,185.52752545401495
789,2023-04-30,88,27,2,326.01419470324976
790,2023-05-23,50,8,1,909.07638492874
791,2023-04-20,57,32,1,995.5531281711326
792,2023-12-03,60,28,9,651.3312102845875
793,2023-07-06,24,45,8,876.622136235527
794,2023-04-17,12,13,9,200.40350536308486
795,2023-04-06,48,22,1,677.497869863024
796,2023-04-11,14,37,5,785.0544158774544
797,2023-05-29,89,6,2,936.1017420834173
798,2023-09-03,26,3,5,895.2859293504081
799,2023-04-19,8,10,4,151.7583275947172
800,2023-10-03,34,6,2,413.79174843309056
801,2023-11-30,94,15,3,320.0608868362191
802,2023-03-29,56,42,2,921.3051915004019
803,2023-08-01,81,20,4,877.4736471701028
804,2023-10-22,89,24,5,524.7435077730252
805,2023-08-27,74,14,8,472.2986632484016
806,2023-05-26,2,35,5,382.03358994595703
807,2023-08-31,23,30,2,768.3254939408592
808,2023-08-23,46,24,3,448.9890562391197
809,2023-03-27,19,46,5,529.9687313739789
810,2023-09-14,81,42,10,794.1632613260815
811,2023-01-01,83,31,1,630.0165095082722
812,2023-01-27,24,24,10,676.6287814616476
813,2023-06-12,5,36,8,728.1767312205516
814,2023-01-21,30,38,9,421.79154357634394
815,2023-07-30,27,27,2,653.9717891121369
816,2023-12-19,21,1,4,590.1559923675918
817,2023-04-02,19,11,6,555.9764618454374
818,2023-12-18,90,5,9,925.7214676832416
819,2023-04-01,85,34,1,267.6939695970517
820,2023-07-26,39,49,10,949.0566159339512
821,2023-05-16,55,18,5,386.08970952639714
822,2023-10-29,32,8,10,157.45764257448323
823,2023-06-08,18,33,7,917.7291017760588
824,2023-11-15,21,43,6,593.5628702021659
825,2023-12-03,86,44,2,830.9071273868926
826,2023-12-04,48,38,2,281.5484242046843
827,2023-04-21,94,33,6,481.0542923099871
828,2023-09-25,74,3,10,282.9242574394559
829,2023-12-01,56,23,8,694.8699343988393
830,2023-05-29,11,14,3,403.55460644846806
831,2023-06-22,95,41,8,875.4673277071824
832,2023-01-26,25,46,5,200.6532854734781
833,2023-01-05,5,8,9,478.5429049522433
834,2023-12-04,43,2,9,262.99835372978237
835,2023-10-04,74,17,10,613.2892812220663
836,2023-06-09,42,47,9,504.2043479585836
837,2023-04-29,39,14,5,178.34195891020227
838,2023-11-12,51,23,3,225.26652660903767
839,2023-08-08,88,16,9,634.8472489682125
840,2023-04-02,84,18,7,774.4338140234266
841,2023-03-20,75,22,8,691.7376157956959
842,2023-09-22,99,18,9,300.0472370986628
843,2023-08-01,54,46,3,717.3732966636202
844,2023-03-22,9,21,7,801.6163823447632
845,2023-12-11,92,2,1,726.2855553559632
846,2023-04-14,93,5,9,724.0079620758851
847,2023-07-29,52,25,2,332.2464139814223
848,2023-04-13,20,17,4,734.7220159385006
849,2023-06-08,77,9,4,942.0529874842114
850,2023-02-22,34,50,6,990.0290737233042
851,2023-08-06,66,35,6,638.4062344171543
852,2023-05-29,15,48,6,743.0975426468215
853,2023-08-03,95,38,7,290.34308468193245
854,2023-11-06,40,17,4,157.10183403135585
855,2023-12-15,54,29,3,878.1888421779074
856,2023-08-28,57,12,2,516.5169591078688
857,2023-08-22,53,18,5,709.2130420859978
858,2023-07-27,59,41,4,714.2025300236426
859,2023-07-07,57,35,10,985.0521012599049
860,2023-11-22,32,5,1,512.7717011171005
861,2023-10-09,25,34,1,556.4914374763352
862,2023-11-22,26,14,3,672.1075897685962
863,2023-06-10,17,8,3,160.73190916886466
864,2023-12-11,72,26,6,460.4643439939313
865,2023-11-14,24,25,5,388.2457012718808
866,2023-11-11,93,8,1,937.1743145042782
867,2023-07-20,98,3,8,890.9027622725588
868,2023-05-03,5,41,6,429.2514083865427
869,2023-03-15,87,47,5,414.6000850539998
870,2023-02-10,4,5,1,342.39771817339624
871,2023-02-08,50,23,7,264.8162117824477
872,2023-12-10,38,49,1,186.04033153196679
873,2023-07-16,38,28,3,252.60693463878502
874,2023-01-27,34,35,3,111.62511061104664
875,2023-04-27,33,48,5,506.15162197210145
876,2023-04-08,30,30,7,265.72772589832016
877,2023-04-14,58,38,8,566.6272488212745
878,2023-02-10,1,17,8,791.05549693148
879,2023-03-22,65,35,3,872.4525257502435
880,2023-09-19,7,32,6,343.09045223710825
881,2023-09-12,98,18,7,532.6285435028742
882,2023-09-29,75,2,4,826.2871167772358
883,2023-08-20,23,42,6,431.19143858065735
884,2023-03-04,26,25,7,506.87593508500726
885,2023-01-13,32,11,4,830.9688613625832
886,2023-09-15,47,7,7,146.72292780122737
887,2023-06-17,14,6,3,657.5558627285974
888,2023-02-26,32,32,5,440.6409496073888
889,2023-02-26,91,37,10,870.759309687312
890,2023-10-08,4,32,1,959.2384237366703
891,2023-10-22,1,24,6,555.7736079401586
892,2023-03-29,4,24,5,540.0040642792097
893,2023-07-27,8,25,1,609.8303804052609
894,2023-03-17,57,22,4,950.0482025326147
895,2023-06-07,2,2,4,560.7232706545813
896,2023-09-27,63,39,9,636.0291330112357
897,2023-08-30,99,27,5,617.4234403992418
898,2023-06-22,86,50,7,998.8906102205489
899,2023-02-23,38,8,6,617.5801557355544
900,2023-09-27,57,50,6,391.117302632072
901,2023-06-20,83,7,6,645.0468213722102
902,2023-12-22,6,5,2,952.5090853002414
903,2023-02-13,17,21,1,620.7854723452892
904,2023-11-25,18,3,10,437.04383147522526
905,2023-01-14,74,7,3,472.34163785008985
906,2023-05-24,87,42,4,580.4877102547794
907,2023-11-06,64,2,5,436.3574368729482
908,2023-01-13,69,13,9,235.05136885945393
909,2023-05-24,63,46,9,923.9755689827011
910,2023-09-19,73,31,10,622.8857878018968
911,2023-08-07,51,30,10,964.6785893221777
912,2023-03-24,29,28,5,992.2763700603397
913,2023-05-19,38,38,6,176.07827919087663
914,2023-08-12,52,8,7,105.03799385601371
915,2023-07-06,29,43,3,929.6266734882811
916,2023-05-25,58,33,3,510.14702237622777
917,2023-11-06,6,13,1,368.6990536785539
918,2023-06-03,16,40,4,983.5922002449905
919,2023-12-25,37,40,4,266.0563713507706
920,2023-04-30,1,35,1,356.5962267740675
921,2023-01-06,44,37,5,356.83108268961854
922,2023-09-17,98,24,3,212.48673700774953
923,2023-09-09,22,24,1,324.80446440152144
924,2023-12-22,55,4,1,425.7800757301745
925,2023-11-06,21,33,10,152.9569897185596
926,2023-04-17,13,19,1,817.6627835033096
927,2023-06-17,90,32,4,115.48583079879549
928,2023-06-07,81,6,2,557.7082301730755
929,2023-07-18,19,39,10,684.2065425035903
930,2023-07-29,53,17,2,518.5292684862497
931,2023-03-03,6,49,2,750.685159210693
932,2023-08-13,23,37,7,741.0881299384841
933,2023-12-21,81,22,2,217.60493920749144
934,2023-05-01,5,46,7,369.72219428484715
935,2023-07-26,53,25,10,425.9421788849093
936,2023-04-11,44,48,9,242.52972926041792
937,2023-07-03,39,20,1,481.8103891125289
938,2023-02-26,76,49,8,458.1959092759795
939,2023-12-29,70,5,7,626.3906635963377
940,2023-08-24,58,18,2,653.6003092791624
941,2023-08-12,77,17,3,211.42950250211038
942,2023-09-29,59,19,10,519.1936202037338
943,2023-12-20,95,45,7,349.8605429349433
944,2023-10-17,17,36,4,594.0069117475559
945,2023-08-04,89,5,7,238.6885867184861
946,2023-03-12,25,6,2,729.8375661456719
947,2023-05-26,98,41,4,112.48042997310664
948,2023-06-03,40,32,10,524.5702250610572
949,2023-02-25,32,1,8,158.01801065614245
950,2023-07-22,6,36,9,490.3940476743179
951,2023-08-11,100,3,10,765.2846070981736
952,2023-12-24,19,42,1,447.77626740536283
953,2023-02-01,34,28,1,595.6114559178927
954,2023-05-27,51,47,10,889.4090575034678
955,2023-01-22,30,21,5,927.8843985088728
956,2023-06-02,23,34,1,246.91688413065154
957,2023-04-04,44,18,6,112.35165465012909
958,2023-07-26,65,4,4,849.4450157757568
959,2023-02-01,100,11,10,672.0411673543523
960,2023-04-01,26,1,4,764.8589756688295
961,2023-02-28,17,19,5,263.66592285377146
962,2023-10-14,58,50,7,603.4601114209672
963,2023-11-19,44,37,5,199.3157025554999
964,2023-08-10,47,23,3,782.3161549871735
965,2023-12-04,49,6,9,566.6489561210028
966,2023-05-29,9,14,9,309.7750199785541
967,2023-11-26,12,6,7,926.9299016369137
968,2023-02-17,52,44,2,188.66446469585753
969,2023-01-10,76,34,10,240.09624019818946
970,2023-05-05,49,18,8,177.0932118408839
971,2023-03-23,60,38,7,208.76894802596507
972,2023-07-29,54,23,5,366.62540216911225
973,2023-04-25,20,45,1,302.0908235677377
974,2023-02-24,21,41,3,230.77345129627605
975,2023-05-22,88,7,2,630.2174673800004
976,2023-08-25,31,44,7,668.9550836403639
977,2023-02-14,12,37,2,794.0343559255539
978,2023-08-07,40,15,8,648.4944013376854
979,2023-01-31,51,49,8,211.5863616362921
980,2023-11-06,22,7,2,809.4525630362496
981,2023-05-04,39,46,3,304.1657066391191
982,2023-07-02,24,2,2,819.971753055629
983,2023-03-24,69,3,1,293.1622760954559
984,2023-07-06,20,37,9,644.9745757308489
985,2023-10-23,1,40,4,336.3881631610117
986,2023-02-16,78,20,2,721.1238747935116
987,2023-08-13,15,20,3,840.6741591398816
988,2023-09-03,64,36,9,807.4353011386577
989,2023-01-11,11,48,2,936.1373104279835
990,2023-08-22,67,29,7,632.7407089023444
991,2023-11-09,74,34,4,223.28142859890687
992,2023-10-05,49,46,5,938.1574067301519
993,2023-06-11,13,49,4,689.2186646982844
994,2023-01-24,56,4,9,376.62203800971724
995,2023-06-21,48,20,8,390.1601945582071
996,2023-07-03,23,47,4,196.4451475004094
997,2023-04-07,87,34,1,285.74967019924134
998,2023-11-06,49,21,3,734.3031109689291
999,2023-06-22,99,50,4,982.0869575036633
1000,2023-04-12,70,39,6,469.66506025854164
