"id_fact","invoice_id","id_customer","id_product","id_date","quantity","total_amount","created_at","updated_at","deleted_at"
1001,915,74,266,20230706,3,929.62667348828110,2025-06-02 18:00:32.790,,
1002,862,61,299,20231122,3,672.10758976859620,2025-06-02 18:00:32.790,,
1003,912,74,296,20230324,5,992.27637006033970,2025-06-02 18:00:32.790,,
1004,579,74,284,20230521,6,116.65641757746091,2025-06-02 18:00:32.790,,
1005,287,61,291,20230213,10,807.66914680082500,2025-06-02 18:00:32.790,,
1006,107,74,280,20230921,10,790.56089178686010,2025-06-02 18:00:32.790,,
1007,363,74,291,20230926,4,258.34269840349500,2025-06-02 18:00:32.790,,
1008,599,61,271,20230708,2,155.78043239378270,2025-06-02 18:00:32.790,,
1009,237,74,272,20230415,5,863.94314599111030,2025-06-02 18:00:32.790,,
1010,668,74,285,20231201,3,152.26278518430433,2025-06-02 18:00:32.790,,
1011,622,74,279,20231029,3,145.57342704531231,2025-06-02 18:00:32.790,,
1012,594,61,297,20230117,7,718.34821247278250,2025-06-02 18:00:32.790,,
1013,884,61,257,20230304,7,506.87593508500726,2025-06-02 18:00:32.790,,
1014,746,61,255,20230124,4,850.04432416596170,2025-06-02 18:00:32.790,,
1015,11,74,279,20231027,10,536.24017882735010,2025-06-02 18:00:32.790,,
1016,204,61,271,20231112,2,495.04574738308040,2025-06-02 18:00:32.790,,
1017,362,61,266,20230330,8,770.29479042419130,2025-06-02 18:00:32.790,,
1018,138,74,278,20230113,9,779.67503103206380,2025-06-02 18:00:32.790,,
1019,393,61,284,20230901,8,429.40486950357365,2025-06-02 18:00:32.790,,
1020,97,61,287,20231022,5,516.46595327514470,2025-06-02 18:00:32.790,,
1021,960,61,268,20230401,4,764.85897566882950,2025-06-02 18:00:32.790,,
1022,592,74,288,20230504,6,277.78505803370507,2025-06-02 18:00:32.790,,
1023,313,61,277,20230131,9,555.49299927008310,2025-06-02 18:00:32.790,,
1024,798,61,267,20230903,5,895.28592935040810,2025-06-02 18:00:32.790,,
1025,174,74,252,20231103,2,689.22123706511510,2025-06-02 18:00:32.790,,
1026,33,61,267,20230815,4,880.46642473715400,2025-06-02 18:00:32.790,,
1027,573,90,288,20230829,1,127.24739614237885,2025-06-02 18:00:32.790,,
1028,416,90,289,20230923,10,562.89734232866140,2025-06-02 18:00:32.790,,
1029,958,90,295,20230726,4,849.44501577575680,2025-06-02 18:00:32.790,,
1030,616,90,286,20230207,8,156.63736378824387,2025-06-02 18:00:32.790,,
1031,399,90,278,20230506,1,953.94836164673420,2025-06-02 18:00:32.790,,
1032,88,90,288,20231130,9,178.18946880988494,2025-06-02 18:00:32.790,,
1033,250,90,270,20231109,9,926.65740453526230,2025-06-02 18:00:32.790,,
1034,387,90,300,20230121,10,243.38498454303638,2025-06-02 18:00:32.790,,
1035,514,90,290,20231123,5,823.73789923033350,2025-06-02 18:00:32.790,,
1036,879,90,275,20230322,3,872.45252575024350,2025-06-02 18:00:32.790,,
1037,345,56,260,20231126,3,252.69005855349107,2025-06-02 18:00:32.790,,
1038,817,5,273,20230402,6,555.97646184543740,2025-06-02 18:00:32.790,,
1039,764,56,276,20231109,10,785.82967217295040,2025-06-02 18:00:32.790,,
1040,855,56,284,20231215,3,878.18884217790740,2025-06-02 18:00:32.790,,
1041,466,56,271,20230321,3,922.46460621461450,2025-06-02 18:00:32.790,,
1042,843,56,272,20230801,3,717.37329666362020,2025-06-02 18:00:32.790,,
1043,972,56,264,20230729,5,366.62540216911225,2025-06-02 18:00:32.790,,
1044,275,56,276,20230603,8,538.14655225409340,2025-06-02 18:00:32.790,,
1045,656,5,256,20230103,5,992.71366229903840,2025-06-02 18:00:32.790,,
1046,221,5,275,20230426,7,750.16517754843200,2025-06-02 18:00:32.790,,
1047,952,5,286,20231224,1,447.77626740536283,2025-06-02 18:00:32.790,,
1048,123,5,257,20230704,4,707.95132690944820,2025-06-02 18:00:32.790,,
1049,929,5,289,20230718,10,684.20654250359030,2025-06-02 18:00:32.790,,
1050,340,5,294,20230716,4,290.93539118825320,2025-06-02 18:00:32.790,,
1051,606,56,253,20231011,5,162.34773420156682,2025-06-02 18:00:32.790,,
1052,357,56,285,20231119,6,675.05974865161340,2025-06-02 18:00:32.790,,
1053,58,56,277,20230717,1,656.64191803419100,2025-06-02 18:00:32.790,,
1054,133,56,294,20231203,7,166.39879625950874,2025-06-02 18:00:32.790,,
1055,491,5,272,20230826,3,307.32198401724054,2025-06-02 18:00:32.790,,
1056,658,5,292,20230623,4,118.10093318975994,2025-06-02 18:00:32.790,,
1057,229,5,300,20230530,7,532.42615251876770,2025-06-02 18:00:32.790,,
1058,809,5,272,20230327,5,529.96873137397890,2025-06-02 18:00:32.790,,
1059,703,56,252,20231004,8,993.61699137695530,2025-06-02 18:00:32.790,,
1060,15,56,293,20230514,7,279.77016986253320,2025-06-02 18:00:32.790,,
1061,541,5,268,20230916,4,844.90509278621070,2025-06-02 18:00:32.790,,
1062,47,6,296,20230502,9,463.30443854691340,2025-06-02 18:00:32.790,,
1063,205,6,297,20230516,4,513.13448351095520,2025-06-02 18:00:32.790,,
1064,211,6,258,20230407,10,189.89294018098713,2025-06-02 18:00:32.790,,
1065,748,6,286,20230610,10,768.62341378852940,2025-06-02 18:00:32.790,,
1066,980,6,261,20231106,2,809.45256303624960,2025-06-02 18:00:32.790,,
1067,281,6,279,20230601,2,700.63394645113350,2025-06-02 18:00:32.790,,
1068,714,6,290,20230718,7,756.69177853340670,2025-06-02 18:00:32.790,,
1069,444,6,265,20230923,2,179.67841099864182,2025-06-02 18:00:32.790,,
1070,717,6,261,20230421,8,513.09318857634120,2025-06-02 18:00:32.790,,
1071,923,6,293,20230909,1,324.80446440152144,2025-06-02 18:00:32.790,,
1072,604,6,296,20230418,8,480.01319138793195,2025-06-02 18:00:32.790,,
1073,79,59,255,20230412,10,971.16051115183050,2025-06-02 18:00:32.790,,
1074,625,78,289,20231030,4,541.75442413038050,2025-06-02 18:00:32.790,,
1075,175,78,299,20230111,10,631.15476636426560,2025-06-02 18:00:32.790,,
1076,576,59,257,20230920,6,307.91338901017570,2025-06-02 18:00:32.790,,
1077,417,78,277,20231102,10,773.86333664536210,2025-06-02 18:00:32.790,,
1078,545,78,277,20231108,5,364.52971852952095,2025-06-02 18:00:32.790,,
1079,230,78,297,20230313,6,519.08798299915290,2025-06-02 18:00:32.790,,
1080,676,78,265,20231105,10,706.58318015758370,2025-06-02 18:00:32.790,,
1081,694,78,287,20230517,10,522.06136409514440,2025-06-02 18:00:32.790,,
1082,941,78,280,20230812,3,211.42950250211038,2025-06-02 18:00:32.790,,
1083,849,78,282,20230608,4,942.05298748421140,2025-06-02 18:00:32.790,,
1084,355,59,281,20231118,6,815.86167803668960,2025-06-02 18:00:32.790,,
1085,359,78,267,20231015,9,548.59047182523800,2025-06-02 18:00:32.790,,
1086,158,59,295,20230708,8,347.77071829510620,2025-06-02 18:00:32.790,,
1087,735,78,267,20230816,1,171.38065063626337,2025-06-02 18:00:32.790,,
1088,552,78,262,20231026,2,339.54095736179215,2025-06-02 18:00:32.790,,
1089,880,59,253,20230919,6,343.09045223710825,2025-06-02 18:00:32.790,,
1090,129,59,297,20231217,8,768.42385826264610,2025-06-02 18:00:32.790,,
1091,103,78,287,20230910,1,541.66027518536940,2025-06-02 18:00:32.790,,
1092,323,59,264,20230925,3,860.43453049019710,2025-06-02 18:00:32.790,,
1093,762,53,251,20230617,10,369.09116265090654,2025-06-02 18:00:32.790,,
1094,14,53,268,20230723,3,995.68036240848580,2025-06-02 18:00:32.790,,
1095,874,53,275,20230127,3,111.62511061104664,2025-06-02 18:00:32.790,,
1096,800,53,283,20231003,2,413.79174843309056,2025-06-02 18:00:32.790,,
1097,953,53,296,20230201,1,595.61145591789270,2025-06-02 18:00:32.790,,
1098,763,53,276,20231229,8,159.61811731133224,2025-06-02 18:00:32.790,,
1099,34,53,274,20230715,5,391.72464431064490,2025-06-02 18:00:32.790,,
1100,850,53,255,20230222,6,990.02907372330420,2025-06-02 18:00:32.790,,
1101,183,81,266,20230610,2,587.86103994430870,2025-06-02 18:00:32.790,,
1102,310,81,264,20230509,4,180.69112263746393,2025-06-02 18:00:32.790,,
1103,68,70,260,20230716,7,726.89783078760580,2025-06-02 18:00:32.790,,
1104,623,70,296,20230612,9,814.06363831254780,2025-06-02 18:00:32.790,,
1105,783,81,264,20230629,6,192.32330861590935,2025-06-02 18:00:32.790,,
1106,801,70,258,20231130,3,320.06088683621910,2025-06-02 18:00:32.790,,
1107,548,70,286,20231010,7,660.73218131968040,2025-06-02 18:00:32.790,,
1108,827,70,297,20230421,6,481.05429230998710,2025-06-02 18:00:32.790,,
1109,871,81,264,20230208,7,264.81621178244770,2025-06-02 18:00:32.790,,
1110,324,70,282,20231012,3,591.73920684559610,2025-06-02 18:00:32.790,,
1111,334,81,255,20231004,9,427.90082054323550,2025-06-02 18:00:32.790,,
1112,450,81,266,20230512,3,861.92298971676920,2025-06-02 18:00:32.790,,
1113,181,70,289,20230512,2,718.44866116120860,2025-06-02 18:00:32.790,,
1114,790,81,274,20230523,1,909.07638492874000,2025-06-02 18:00:32.790,,
1115,706,70,262,20230324,3,713.50994657754420,2025-06-02 18:00:32.790,,
1116,642,70,277,20231110,7,885.14267531806670,2025-06-02 18:00:32.790,,
1117,28,81,263,20230903,1,406.08294443265487,2025-06-02 18:00:32.790,,
1118,766,70,283,20230608,4,977.83793075172820,2025-06-02 18:00:32.790,,
1119,270,70,255,20231224,4,757.78367199806210,2025-06-02 18:00:32.790,,
1120,788,70,263,20230513,10,185.52752545401495,2025-06-02 18:00:32.790,,
1121,759,70,261,20230407,6,255.61431350757908,2025-06-02 18:00:32.790,,
1122,326,70,274,20230725,3,887.51113607303920,2025-06-02 18:00:32.790,,
1123,278,70,299,20230908,2,932.31714201848720,2025-06-02 18:00:32.790,,
1124,254,81,261,20230812,9,434.87521338926894,2025-06-02 18:00:32.790,,
1125,437,70,276,20231126,2,255.18502935314507,2025-06-02 18:00:32.790,,
1126,660,71,255,20230415,9,236.80191947430083,2025-06-02 18:00:32.790,,
1127,587,71,269,20230825,6,870.77253874331120,2025-06-02 18:00:32.790,,
1128,151,71,300,20231116,7,790.99869127032170,2025-06-02 18:00:32.790,,
1129,247,71,280,20230626,1,366.54617071403390,2025-06-02 18:00:32.790,,
1130,69,71,263,20230629,6,361.59827618445840,2025-06-02 18:00:32.790,,
1131,900,71,255,20230927,6,391.11730263207200,2025-06-02 18:00:32.790,,
1132,856,71,259,20230828,2,516.51695910786880,2025-06-02 18:00:32.790,,
1133,791,71,253,20230420,1,995.55312817113260,2025-06-02 18:00:32.790,,
1134,859,71,275,20230707,10,985.05210125990490,2025-06-02 18:00:32.790,,
1135,544,71,299,20230710,5,176.34069868739198,2025-06-02 18:00:32.790,,
1136,612,71,285,20230702,4,614.31181317331480,2025-06-02 18:00:32.790,,
1137,351,71,262,20230423,7,846.38386813818940,2025-06-02 18:00:32.790,,
1138,894,71,287,20230317,4,950.04820253261470,2025-06-02 18:00:32.790,,
1139,949,93,268,20230225,8,158.01801065614245,2025-06-02 18:00:32.790,,
1140,822,93,274,20231029,10,157.45764257448323,2025-06-02 18:00:32.790,,
1141,292,93,264,20230502,5,780.91215897100700,2025-06-02 18:00:32.790,,
1142,593,93,287,20230926,2,461.56923982446760,2025-06-02 18:00:32.790,,
1143,624,93,274,20230906,10,636.82344526164220,2025-06-02 18:00:32.790,,
1144,739,93,283,20230510,6,714.92039351303630,2025-06-02 18:00:32.790,,
1145,713,93,270,20230916,6,336.03285827373304,2025-06-02 18:00:32.790,,
1146,885,93,273,20230113,4,830.96886136258320,2025-06-02 18:00:32.790,,
1147,168,93,251,20230513,7,267.43557444707960,2025-06-02 18:00:32.790,,
1148,664,93,261,20230715,4,889.03926138054000,2025-06-02 18:00:32.790,,
1149,699,93,271,20230406,4,845.45033533087370,2025-06-02 18:00:32.790,,
1150,860,93,270,20231122,1,512.77170111710050,2025-06-02 18:00:32.790,,
1151,376,94,286,20231127,2,379.34494357801145,2025-06-02 18:00:32.790,,
1152,583,93,265,20231226,1,939.88027980728530,2025-06-02 18:00:32.790,,
1153,834,94,294,20231204,9,262.99835372978237,2025-06-02 18:00:32.790,,
1154,265,94,256,20230829,4,998.23399458808460,2025-06-02 18:00:32.790,,
1155,632,94,297,20230215,2,270.54855646243360,2025-06-02 18:00:32.790,,
1156,126,93,294,20231207,4,200.81801242562983,2025-06-02 18:00:32.790,,
1157,888,93,253,20230226,5,440.64094960738880,2025-06-02 18:00:32.790,,
1158,276,52,281,20230524,6,909.85731773689340,2025-06-02 18:00:32.790,,
1159,382,52,262,20230909,2,471.68101670445950,2025-06-02 18:00:32.790,,
1160,300,52,295,20230728,1,768.83508079498270,2025-06-02 18:00:32.790,,
1161,423,52,279,20230426,2,706.70267584030130,2025-06-02 18:00:32.790,,
1162,425,52,284,20230913,8,928.59149412184300,2025-06-02 18:00:32.790,,
1163,109,52,251,20230322,4,612.17092616476410,2025-06-02 18:00:32.790,,
1164,367,52,278,20231228,9,304.86019517305937,2025-06-02 18:00:32.790,,
1165,840,52,252,20230402,7,774.43381402342660,2025-06-02 18:00:32.790,,
1166,453,52,296,20230317,9,942.40729397001710,2025-06-02 18:00:32.790,,
1167,244,83,287,20230728,2,777.15463801034720,2025-06-02 18:00:32.790,,
1168,741,83,280,20230228,3,704.26631207675230,2025-06-02 18:00:32.790,,
1169,194,83,287,20230404,10,313.47212860613797,2025-06-02 18:00:32.790,,
1170,257,83,251,20230601,9,454.13449047276464,2025-06-02 18:00:32.790,,
1171,231,83,282,20231105,10,668.03959132327770,2025-06-02 18:00:32.790,,
1172,976,83,300,20230825,7,668.95508364036390,2025-06-02 18:00:32.790,,
1173,294,83,284,20230224,7,935.28523758261670,2025-06-02 18:00:32.790,,
1174,71,83,263,20231102,1,893.40722526830300,2025-06-02 18:00:32.790,,
1175,119,83,265,20230523,3,409.13401438881780,2025-06-02 18:00:32.790,,
1176,558,83,253,20230209,6,938.27498325949360,2025-06-02 18:00:32.790,,
1177,406,97,285,20230417,10,784.26063730158350,2025-06-02 18:00:32.790,,
1178,922,97,293,20230917,3,212.48673700774953,2025-06-02 18:00:32.790,,
1179,377,26,271,20230312,10,845.20782858075220,2025-06-02 18:00:32.790,,
1180,374,97,292,20230106,7,187.02624628958500,2025-06-02 18:00:32.790,,
1181,696,97,265,20230801,10,143.16709593081492,2025-06-02 18:00:32.790,,
1182,607,97,297,20230216,10,842.85066020537080,2025-06-02 18:00:32.790,,
1183,740,26,254,20230802,6,352.57377182103835,2025-06-02 18:00:32.790,,
1184,284,97,254,20230820,8,883.05511881567270,2025-06-02 18:00:32.790,,
1185,140,97,260,20230505,8,804.34085691293850,2025-06-02 18:00:32.790,,
1186,21,26,292,20230416,6,508.81602482206730,2025-06-02 18:00:32.790,,
1187,600,97,279,20231014,1,754.21155151249650,2025-06-02 18:00:32.790,,
1188,867,97,267,20230720,8,890.90276227255880,2025-06-02 18:00:32.790,,
1189,311,97,260,20230819,6,180.69281967534886,2025-06-02 18:00:32.790,,
1190,65,26,295,20230602,2,150.03682263884010,2025-06-02 18:00:32.790,,
1191,467,97,289,20231201,6,317.89363972968374,2025-06-02 18:00:32.790,,
1192,837,26,299,20230429,5,178.34195891020227,2025-06-02 18:00:32.790,,
1193,85,97,261,20231021,6,237.07494095745227,2025-06-02 18:00:32.790,,
1194,981,26,272,20230504,3,304.16570663911910,2025-06-02 18:00:32.790,,
1195,442,97,261,20231006,1,922.74845157768460,2025-06-02 18:00:32.790,,
1196,462,26,300,20230626,8,719.37658063882720,2025-06-02 18:00:32.790,,
1197,947,97,260,20230526,4,112.48042997310664,2025-06-02 18:00:32.790,,
1198,820,26,265,20230726,10,949.05661593395120,2025-06-02 18:00:32.790,,
1199,881,97,252,20230912,7,532.62854350287420,2025-06-02 18:00:32.790,,
1200,609,26,262,20231230,3,684.91631114866580,2025-06-02 18:00:32.790,,
1201,937,26,254,20230703,1,481.81038911252890,2025-06-02 18:00:32.790,,
1202,188,26,266,20230211,1,426.46872735778920,2025-06-02 18:00:32.790,,
1203,426,26,271,20230505,3,644.35612183463520,2025-06-02 18:00:32.790,,
1204,522,26,273,20230622,2,369.55896265330944,2025-06-02 18:00:32.790,,
1205,742,65,256,20230709,4,764.81212035398860,2025-06-02 18:00:32.790,,
1206,946,65,283,20230312,2,729.83756614567190,2025-06-02 18:00:32.790,,
1207,861,65,279,20231009,1,556.49143747633520,2025-06-02 18:00:32.790,,
1208,263,65,289,20230305,3,385.38953407459940,2025-06-02 18:00:32.790,,
1209,213,65,273,20230306,10,972.14771454892710,2025-06-02 18:00:32.790,,
1210,832,65,272,20230126,5,200.65328547347810,2025-06-02 18:00:32.790,,
1211,352,65,299,20230219,6,864.86153688851690,2025-06-02 18:00:32.790,,
1212,472,65,288,20231018,4,665.69321907706890,2025-06-02 18:00:32.790,,
1213,745,65,276,20230820,8,287.57931197081837,2025-06-02 18:00:32.790,,
1214,410,65,298,20230414,2,900.61768265705280,2025-06-02 18:00:32.790,,
1215,81,65,263,20231031,9,921.48362064976370,2025-06-02 18:00:32.790,,
1216,424,35,264,20230710,5,201.39385545538220,2025-06-02 18:00:32.790,,
1217,233,35,290,20231028,9,348.32985613695630,2025-06-02 18:00:32.790,,
1218,943,35,278,20231220,7,349.86054293494330,2025-06-02 18:00:32.790,,
1219,557,35,296,20230208,6,145.89606349011200,2025-06-02 18:00:32.790,,
1220,853,35,298,20230803,7,290.34308468193245,2025-06-02 18:00:32.790,,
1221,749,35,289,20230115,4,954.52413774034800,2025-06-02 18:00:32.790,,
1222,617,35,290,20230113,10,826.20692897923880,2025-06-02 18:00:32.790,,
1223,330,35,299,20231027,1,962.13672845851240,2025-06-02 18:00:32.790,,
1224,521,35,253,20230412,5,670.53683454427140,2025-06-02 18:00:32.790,,
1225,475,35,263,20230522,9,802.85761115850860,2025-06-02 18:00:32.790,,
1226,420,35,285,20231014,9,804.20401770805350,2025-06-02 18:00:32.790,,
1227,831,35,260,20230622,8,875.46732770718240,2025-06-02 18:00:32.790,,
1228,755,45,266,20230114,7,200.90394883858008,2025-06-02 18:00:32.790,,
1229,651,45,254,20230412,4,509.66470804936660,2025-06-02 18:00:32.790,,
1230,539,45,296,20230619,6,368.60305815067966,2025-06-02 18:00:32.790,,
1231,480,45,282,20231015,1,336.07655559496914,2025-06-02 18:00:32.790,,
1232,451,45,262,20231225,5,972.05468263627860,2025-06-02 18:00:32.790,,
1233,66,45,269,20230603,6,680.65115136046010,2025-06-02 18:00:32.790,,
1234,118,45,269,20230609,6,244.02548557475860,2025-06-02 18:00:32.790,,
1235,507,45,258,20231214,10,805.32793933632520,2025-06-02 18:00:32.790,,
1236,87,100,286,20230826,7,474.00573090387036,2025-06-02 18:00:32.790,,
1237,931,100,265,20230303,2,750.68515921069300,2025-06-02 18:00:32.790,,
1238,902,100,270,20231222,2,952.50908530024140,2025-06-02 18:00:32.790,,
1239,483,100,281,20230123,2,334.70230377792670,2025-06-02 18:00:32.790,,
1240,950,100,251,20230722,9,490.39404767431790,2025-06-02 18:00:32.790,,
1241,306,100,294,20231117,9,235.05989536407188,2025-06-02 18:00:32.790,,
1242,917,100,290,20231106,1,368.69905367855390,2025-06-02 18:00:32.790,,
1243,197,37,276,20230424,9,736.35463018575590,2025-06-02 18:00:32.790,,
1244,149,100,294,20230217,5,235.18840354771910,2025-06-02 18:00:32.790,,
1245,98,100,288,20230728,6,211.60328096877345,2025-06-02 18:00:32.790,,
1246,249,100,257,20231221,5,137.37805652062474,2025-06-02 18:00:32.790,,
1247,700,100,296,20230410,10,949.31397084530410,2025-06-02 18:00:32.790,,
1248,648,100,281,20230625,7,992.09265985618340,2025-06-02 18:00:32.790,,
1249,67,37,294,20230331,5,220.42303356659266,2025-06-02 18:00:32.790,,
1250,105,100,284,20230121,2,915.74945768010370,2025-06-02 18:00:32.790,,
1251,397,100,295,20230407,8,460.62151725361093,2025-06-02 18:00:32.790,,
1252,536,25,281,20230914,10,822.52755495371120,2025-06-02 18:00:32.790,,
1253,137,25,289,20230810,10,842.74360188403840,2025-06-02 18:00:32.790,,
1254,9,25,262,20230214,10,644.61610117407190,2025-06-02 18:00:32.790,,
1255,478,25,252,20230706,9,490.22218379579200,2025-06-02 18:00:32.790,,
1256,54,25,291,20230317,1,894.56034361914990,2025-06-02 18:00:32.790,,
1257,8,13,284,20231022,6,290.52657628164220,2025-06-02 18:00:32.790,,
1258,248,13,279,20230531,4,544.24875243941710,2025-06-02 18:00:32.790,,
1259,906,13,286,20230524,4,580.48771025477940,2025-06-02 18:00:32.790,,
1260,634,13,275,20230226,6,938.22511050574350,2025-06-02 18:00:32.790,,
1261,421,25,267,20231013,1,630.02346400122110,2025-06-02 18:00:32.790,,
1262,432,13,288,20230506,8,966.91280196195070,2025-06-02 18:00:32.790,,
1263,645,13,276,20231026,4,109.67399172244589,2025-06-02 18:00:32.790,,
1264,864,25,291,20231211,6,460.46434399393130,2025-06-02 18:00:32.790,,
1265,528,25,271,20230613,10,652.27592401496760,2025-06-02 18:00:32.790,,
1266,163,25,288,20230522,2,185.13209630049644,2025-06-02 18:00:32.790,,
1267,869,13,285,20230315,5,414.60008505399980,2025-06-02 18:00:32.790,,
1268,997,13,279,20230407,1,285.74967019924134,2025-06-02 18:00:32.790,,
1269,159,25,252,20231108,9,625.79557384694620,2025-06-02 18:00:32.790,,
1270,344,13,292,20230801,9,251.62739269541302,2025-06-02 18:00:32.790,,
1271,655,25,280,20230610,5,814.48135154959070,2025-06-02 18:00:32.790,,
1272,441,13,274,20230619,3,744.14096882031100,2025-06-02 18:00:32.790,,
1273,84,25,263,20230908,8,782.20882577513240,2025-06-02 18:00:32.790,,
1274,328,13,273,20230211,10,577.71684421794080,2025-06-02 18:00:32.790,,
1275,940,72,252,20230824,2,653.60030927916240,2025-06-02 18:00:32.790,,
1276,17,72,280,20230923,8,476.35957885416480,2025-06-02 18:00:32.790,,
1277,187,72,264,20231119,10,781.36230593032470,2025-06-02 18:00:32.790,,
1278,631,72,284,20230521,9,144.85601924071392,2025-06-02 18:00:32.790,,
1279,916,72,297,20230525,3,510.14702237622777,2025-06-02 18:00:32.790,,
1280,193,72,279,20231227,4,116.01610925224995,2025-06-02 18:00:32.790,,
1281,77,72,251,20230517,3,319.64105072553104,2025-06-02 18:00:32.790,,
1282,381,72,300,20231219,1,182.35199053441204,2025-06-02 18:00:32.790,,
1283,711,72,292,20230713,6,459.73969774612806,2025-06-02 18:00:32.790,,
1284,962,72,255,20231014,7,603.46011142096720,2025-06-02 18:00:32.790,,
1285,215,72,280,20230716,8,655.18809921920410,2025-06-02 18:00:32.790,,
1286,877,72,298,20230414,8,566.62724882127450,2025-06-02 18:00:32.790,,
1287,145,72,277,20230222,1,835.53167609168410,2025-06-02 18:00:32.790,,
1288,234,15,287,20230401,6,766.15195190213050,2025-06-02 18:00:32.790,,
1289,433,15,266,20230114,7,220.99818063680743,2025-06-02 18:00:32.790,,
1290,309,15,258,20231104,2,950.67139355385130,2025-06-02 18:00:32.790,,
1291,844,15,281,20230322,7,801.61638234476320,2025-06-02 18:00:32.790,,
1292,407,15,281,20230225,2,767.49090910210410,2025-06-02 18:00:32.790,,
1293,705,15,251,20230427,7,175.65298123804072,2025-06-02 18:00:32.790,,
1294,476,15,256,20230617,6,197.78377667922135,2025-06-02 18:00:32.790,,
1295,29,15,265,20230118,4,751.78684301133180,2025-06-02 18:00:32.790,,
1296,553,15,266,20231207,1,920.02004439132990,2025-06-02 18:00:32.790,,
1297,751,15,270,20230827,9,690.12619486036810,2025-06-02 18:00:32.790,,
1298,966,15,299,20230529,9,309.77501997855410,2025-06-02 18:00:32.790,,
1299,139,15,274,20230421,1,771.78068677878300,2025-06-02 18:00:32.790,,
1300,307,50,279,20231021,1,957.89619303394620,2025-06-02 18:00:32.790,,
1301,449,50,288,20230924,10,462.35428646672070,2025-06-02 18:00:32.790,,
1302,6,50,283,20230710,4,762.13229503294290,2025-06-02 18:00:32.790,,
1303,153,23,260,20231123,9,513.71699410761110,2025-06-02 18:00:32.790,,
1304,356,50,261,20230922,3,431.05319840300143,2025-06-02 18:00:32.790,,
1305,572,50,276,20230330,4,893.28779890519300,2025-06-02 18:00:32.790,,
1306,327,50,266,20231215,4,590.58400016579570,2025-06-02 18:00:32.790,,
1307,682,50,255,20230926,5,861.21176887894320,2025-06-02 18:00:32.790,,
1308,104,50,296,20230808,2,606.99612383391090,2025-06-02 18:00:32.790,,
1309,366,50,254,20230521,10,280.64949846984280,2025-06-02 18:00:32.790,,
1310,577,23,268,20231104,6,664.63251315639210,2025-06-02 18:00:32.790,,
1311,815,50,288,20230730,2,653.97178911213690,2025-06-02 18:00:32.790,,
1312,481,50,282,20231120,7,653.37591942789500,2025-06-02 18:00:32.790,,
1313,909,23,272,20230524,9,923.97556898270110,2025-06-02 18:00:32.790,,
1314,434,50,274,20230703,1,448.90096869607360,2025-06-02 18:00:32.790,,
1315,549,50,251,20231224,4,453.77707989096587,2025-06-02 18:00:32.790,,
1316,392,23,294,20230302,3,378.58855679720676,2025-06-02 18:00:32.790,,
1317,896,23,289,20230927,9,636.02913301123570,2025-06-02 18:00:32.790,,
1318,690,23,297,20230130,6,270.25578643218734,2025-06-02 18:00:32.790,,
1319,189,23,267,20230915,5,769.74504013820650,2025-06-02 18:00:32.790,,
1320,979,63,265,20230131,8,211.58636163629210,2025-06-02 18:00:32.790,,
1321,80,63,268,20230919,6,998.56641905561500,2025-06-02 18:00:32.790,,
1322,60,63,273,20230715,8,234.56723949522933,2025-06-02 18:00:32.790,,
1323,76,89,261,20230104,2,563.44751113316490,2025-06-02 18:00:32.790,,
1324,994,89,295,20230124,9,376.62203800971724,2025-06-02 18:00:32.790,,
1325,829,89,264,20231201,8,694.86993439883930,2025-06-02 18:00:32.790,,
1326,911,63,277,20230807,10,964.67858932217770,2025-06-02 18:00:32.790,,
1327,240,89,255,20230711,3,780.72252503337770,2025-06-02 18:00:32.790,,
1328,802,89,286,20230329,2,921.30519150040190,2025-06-02 18:00:32.790,,
1329,954,63,285,20230527,10,889.40905750346780,2025-06-02 18:00:32.790,,
1330,780,63,254,20230508,4,418.35726653378043,2025-06-02 18:00:32.790,,
1331,838,63,264,20231112,3,225.26652660903767,2025-06-02 18:00:32.790,,
1332,283,63,290,20231004,2,141.12898926270540,2025-06-02 18:00:32.790,,
1333,298,89,262,20231031,2,823.47744556569810,2025-06-02 18:00:32.790,,
1334,659,89,282,20230322,7,607.47055166906670,2025-06-02 18:00:32.790,,
1335,217,14,277,20230724,5,189.38144285006445,2025-06-02 18:00:32.790,,
1336,51,14,256,20231128,10,572.67630879385840,2025-06-02 18:00:32.790,,
1337,644,14,279,20230914,5,490.52360887820160,2025-06-02 18:00:32.790,,
1338,595,14,300,20230503,3,905.10365866171320,2025-06-02 18:00:32.790,,
1339,847,14,257,20230729,2,332.24641398142230,2025-06-02 18:00:32.790,,
1340,375,14,293,20230304,5,450.88689534894075,2025-06-02 18:00:32.790,,
1341,914,14,274,20230812,7,105.03799385601371,2025-06-02 18:00:32.790,,
1342,533,14,272,20231219,2,686.63378669504820,2025-06-02 18:00:32.790,,
1343,968,14,300,20230217,2,188.66446469585753,2025-06-02 18:00:32.790,,
1344,321,14,287,20231218,2,971.20606609419370,2025-06-02 18:00:32.790,,
1345,961,20,292,20230228,5,263.66592285377146,2025-06-02 18:00:32.790,,
1346,863,20,274,20230610,3,160.73190916886466,2025-06-02 18:00:32.790,,
1347,944,20,251,20231017,4,594.00691174755590,2025-06-02 18:00:32.790,,
1348,903,20,281,20230213,1,620.78547234528920,2025-06-02 18:00:32.790,,
1349,446,20,267,20230526,3,922.75728271752890,2025-06-02 18:00:32.790,,
1350,411,43,282,20231110,5,166.76259363017144,2025-06-02 18:00:32.790,,
1351,782,43,286,20231018,2,661.40520879008250,2025-06-02 18:00:32.790,,
1352,150,43,288,20230203,9,252.41309586269807,2025-06-02 18:00:32.790,,
1353,70,20,280,20231116,1,337.79231017200730,2025-06-02 18:00:32.790,,
1354,582,20,261,20230218,3,146.58666462238986,2025-06-02 18:00:32.790,,
1355,510,43,271,20230828,5,351.91006984751914,2025-06-02 18:00:32.790,,
1356,486,20,262,20230313,4,349.60393826313950,2025-06-02 18:00:32.790,,
1357,314,20,259,20230511,9,755.75126975723610,2025-06-02 18:00:32.790,,
1358,686,43,268,20230808,2,468.29199036011050,2025-06-02 18:00:32.790,,
1359,380,43,268,20230117,6,408.28811884570564,2025-06-02 18:00:32.790,,
1360,499,20,270,20230816,5,710.70978595785620,2025-06-02 18:00:32.790,,
1361,477,43,288,20230305,5,303.98226395809270,2025-06-02 18:00:32.790,,
1362,316,43,282,20230211,1,400.24951212446060,2025-06-02 18:00:32.790,,
1363,506,60,261,20230317,4,627.93262808080650,2025-06-02 18:00:32.790,,
1364,738,60,254,20230511,5,216.28101966854570,2025-06-02 18:00:32.790,,
1365,786,60,262,20230928,2,312.76674382530314,2025-06-02 18:00:32.790,,
1366,172,60,287,20230925,7,984.21647336729870,2025-06-02 18:00:32.790,,
1367,170,60,290,20231030,9,319.94262206278620,2025-06-02 18:00:32.790,,
1368,439,60,290,20230726,5,134.25670613408940,2025-06-02 18:00:32.790,,
1369,388,60,259,20230826,4,971.56432582981150,2025-06-02 18:00:32.790,,
1370,267,60,287,20231105,4,113.39832891350888,2025-06-02 18:00:32.790,,
1371,743,60,265,20230923,8,822.35637763982860,2025-06-02 18:00:32.790,,
1372,89,39,264,20231206,5,598.87802745528890,2025-06-02 18:00:32.790,,
1373,839,51,263,20230808,9,634.84724896821250,2025-06-02 18:00:32.790,,
1374,750,51,298,20231029,1,598.27575732615790,2025-06-02 18:00:32.790,,
1375,75,51,286,20230116,5,867.14318420827100,2025-06-02 18:00:32.790,,
1376,227,39,259,20230918,3,991.61662045271270,2025-06-02 18:00:32.790,,
1377,667,51,279,20230506,2,823.63841257259000,2025-06-02 18:00:32.790,,
1378,975,51,261,20230522,2,630.21746738000040,2025-06-02 18:00:32.790,,
1379,657,51,271,20230615,10,885.69298730995500,2025-06-02 18:00:32.790,,
1380,697,51,269,20230213,1,849.17977052501650,2025-06-02 18:00:32.790,,
1381,546,51,272,20230406,2,262.44943931669560,2025-06-02 18:00:32.790,,
1382,349,39,285,20230330,7,277.78950147606850,2025-06-02 18:00:32.790,,
1383,252,51,278,20230313,10,249.74859826590802,2025-06-02 18:00:32.790,,
1384,535,16,286,20230627,5,812.34830557397130,2025-06-02 18:00:32.790,,
1385,303,51,269,20231216,4,902.71876493569320,2025-06-02 18:00:32.790,,
1386,789,51,288,20230430,2,326.01419470324976,2025-06-02 18:00:32.790,,
1387,18,16,295,20230423,1,487.19504153369090,2025-06-02 18:00:32.790,,
1388,508,16,276,20230506,3,930.75338893430390,2025-06-02 18:00:32.790,,
1389,724,51,265,20230908,5,144.71650092924295,2025-06-02 18:00:32.790,,
1390,92,39,300,20230216,10,692.92013131206060,2025-06-02 18:00:32.790,,
1391,875,16,256,20230427,5,506.15162197210145,2025-06-02 18:00:32.790,,
1392,333,39,294,20230627,4,633.12975030443320,2025-06-02 18:00:32.790,,
1393,689,39,254,20231113,9,458.08478367512820,2025-06-02 18:00:32.790,,
1394,169,30,268,20231120,5,859.14229380680890,2025-06-02 18:00:32.790,,
1395,868,30,260,20230503,6,429.25140838654270,2025-06-02 18:00:32.790,,
1396,934,30,272,20230501,7,369.72219428484715,2025-06-02 18:00:32.790,,
1397,813,30,251,20230612,8,728.17673122055160,2025-06-02 18:00:32.790,,
1398,615,30,292,20231209,7,123.67182510816889,2025-06-02 18:00:32.790,,
1399,833,30,274,20230105,9,478.54290495224330,2025-06-02 18:00:32.790,,
1400,200,30,251,20231215,1,866.83501687472530,2025-06-02 18:00:32.790,,
1401,459,66,297,20230707,10,725.04745344458830,2025-06-02 18:00:32.790,,
1402,726,66,280,20230602,1,875.28798292175790,2025-06-02 18:00:32.790,,
1403,176,66,288,20231202,6,130.60813751008650,2025-06-02 18:00:32.790,,
1404,122,66,294,20230628,9,876.18880760408090,2025-06-02 18:00:32.790,,
1405,878,66,280,20230210,8,791.05549693148000,2025-06-02 18:00:32.790,,
1406,226,66,254,20230331,9,762.76745417620490,2025-06-02 18:00:32.790,,
1407,445,66,298,20230119,2,599.65813014983700,2025-06-02 18:00:32.790,,
1408,920,66,275,20230430,1,356.59622677406750,2025-06-02 18:00:32.790,,
1409,985,66,269,20231023,4,336.38816316101170,2025-06-02 18:00:32.790,,
1410,891,66,293,20231022,6,555.77360794015860,2025-06-02 18:00:32.790,,
1411,365,66,281,20230718,2,470.86898043911617,2025-06-02 18:00:32.790,,
1412,379,66,281,20230328,7,667.92351680194210,2025-06-02 18:00:32.790,,
1413,429,66,278,20231110,9,298.77215261709850,2025-06-02 18:00:32.790,,
1414,561,22,292,20230111,1,322.69760902201380,2025-06-02 18:00:32.790,,
1415,774,22,267,20230922,2,942.74338272589600,2025-06-02 18:00:32.790,,
1416,43,22,252,20231121,5,741.68302619850190,2025-06-02 18:00:32.790,,
1417,260,22,287,20230805,10,752.38341468845300,2025-06-02 18:00:32.790,,
1418,471,22,272,20230225,1,314.03083096114940,2025-06-02 18:00:32.790,,
1419,637,17,258,20230824,8,752.84097368451350,2025-06-02 18:00:32.790,,
1420,2,17,253,20230405,10,486.30956720417436,2025-06-02 18:00:32.790,,
1421,157,17,298,20230610,6,122.45183515530272,2025-06-02 18:00:32.790,,
1422,767,17,277,20230511,2,252.51587254308444,2025-06-02 18:00:32.790,,
1423,361,17,290,20230723,4,318.19145859263220,2025-06-02 18:00:32.790,,
1424,785,17,292,20230719,8,898.60733021597730,2025-06-02 18:00:32.790,,
1425,418,17,267,20230820,7,629.14695782096860,2025-06-02 18:00:32.790,,
1426,409,17,279,20230705,2,945.52569004602950,2025-06-02 18:00:32.790,,
1427,112,57,262,20231023,4,454.84336547650156,2025-06-02 18:00:32.790,,
1428,518,57,263,20230915,5,478.88179827047065,2025-06-02 18:00:32.790,,
1429,679,57,280,20230403,6,313.57441967171200,2025-06-02 18:00:32.790,,
1430,797,57,283,20230529,2,936.10174208341730,2025-06-02 18:00:32.790,,
1431,305,57,276,20231213,6,745.78565497061640,2025-06-02 18:00:32.790,,
1432,804,57,293,20231022,5,524.74350777302520,2025-06-02 18:00:32.790,,
1433,630,57,290,20231003,4,404.55982161533177,2025-06-02 18:00:32.790,,
1434,945,57,270,20230804,7,238.68858671848610,2025-06-02 18:00:32.790,,
1435,144,42,277,20230104,5,913.20338536487270,2025-06-02 18:00:32.790,,
1436,116,42,262,20230303,10,940.73396715067850,2025-06-02 18:00:32.790,,
1437,513,42,259,20230326,8,669.79833280452200,2025-06-02 18:00:32.790,,
1438,225,42,275,20231116,7,329.01616542556220,2025-06-02 18:00:32.790,,
1439,819,42,279,20230401,1,267.69396959705170,2025-06-02 18:00:32.790,,
1440,761,42,291,20230319,10,907.18483185715380,2025-06-02 18:00:32.790,,
1441,62,42,257,20230128,1,217.38133209550278,2025-06-02 18:00:32.790,,
1442,773,42,271,20230507,8,973.79885089076720,2025-06-02 18:00:32.790,,
1443,214,42,275,20230627,9,520.36842862369560,2025-06-02 18:00:32.790,,
1444,106,42,252,20230430,7,526.45307243398960,2025-06-02 18:00:32.790,,
1445,347,42,292,20230516,8,144.89871326040110,2025-06-02 18:00:32.790,,
1446,161,42,270,20230623,2,594.64273476615640,2025-06-02 18:00:32.790,,
1447,826,49,298,20231204,2,281.54842420468430,2025-06-02 18:00:32.790,,
1448,504,49,275,20230309,10,764.58256067344470,2025-06-02 18:00:32.790,,
1449,256,49,278,20230305,2,906.23669292302080,2025-06-02 18:00:32.790,,
1450,733,49,267,20230724,9,996.60806907705400,2025-06-02 18:00:32.790,,
1451,795,49,287,20230406,1,677.49786986302400,2025-06-02 18:00:32.790,,
1452,13,55,267,20230408,8,341.71560596896520,2025-06-02 18:00:32.790,,
1453,995,49,254,20230621,8,390.16019455820710,2025-06-02 18:00:32.790,,
1454,23,49,262,20230602,10,584.46012047004320,2025-06-02 18:00:32.790,,
1455,752,49,272,20230807,7,405.95349966627200,2025-06-02 18:00:32.790,,
1456,649,49,262,20230223,2,975.31172466882780,2025-06-02 18:00:32.790,,
1457,990,55,284,20230822,7,632.74070890234440,2025-06-02 18:00:32.790,,
1458,537,49,297,20231013,2,207.03566562428108,2025-06-02 18:00:32.790,,
1459,427,55,263,20230906,10,436.84919364240193,2025-06-02 18:00:32.790,,
1460,269,49,266,20230130,6,114.48384902180392,2025-06-02 18:00:32.790,,
1461,760,49,281,20230803,10,654.71981658194000,2025-06-02 18:00:32.790,,
1462,41,21,281,20230918,7,856.45376048327130,2025-06-02 18:00:32.790,,
1463,951,21,267,20230811,10,765.28460709817360,2025-06-02 18:00:32.790,,
1464,959,21,273,20230201,10,672.04116735435230,2025-06-02 18:00:32.790,,
1465,212,21,280,20231206,9,993.29526998514800,2025-06-02 18:00:32.790,,
1466,35,21,290,20230111,7,332.76572630730380,2025-06-02 18:00:32.790,,
1467,647,21,293,20231212,8,795.63097270170400,2025-06-02 18:00:32.790,,
1468,4,21,261,20230131,8,425.86199616147917,2025-06-02 18:00:32.790,,
1469,520,21,283,20231124,2,678.58376640195070,2025-06-02 18:00:32.790,,
1470,56,21,263,20231204,5,571.50861858354390,2025-06-02 18:00:32.790,,
1471,419,21,276,20230518,9,456.00698582679036,2025-06-02 18:00:32.790,,
1472,195,31,270,20230503,4,594.30889690510900,2025-06-02 18:00:32.790,,
1473,565,31,274,20230227,3,809.13895017083850,2025-06-02 18:00:32.790,,
1474,957,31,252,20230404,6,112.35165465012909,2025-06-02 18:00:32.790,,
1475,458,31,256,20231007,8,305.69764003310365,2025-06-02 18:00:32.790,,
1476,936,31,256,20230411,9,242.52972926041792,2025-06-02 18:00:32.790,,
1477,681,31,291,20231106,9,449.36868062080043,2025-06-02 18:00:32.790,,
1478,921,31,271,20230106,5,356.83108268961854,2025-06-02 18:00:32.790,,
1479,963,31,271,20231119,5,199.31570255549990,2025-06-02 18:00:32.790,,
1480,155,31,263,20230513,3,198.70726593091644,2025-06-02 18:00:32.790,,
1481,180,82,297,20230314,4,184.94073828659756,2025-06-02 18:00:32.790,,
1482,534,82,290,20230309,4,373.44361994041280,2025-06-02 18:00:32.790,,
1483,371,82,265,20230525,10,367.90676509329970,2025-06-02 18:00:32.790,,
1484,337,82,263,20230420,7,452.49910518682970,2025-06-02 18:00:32.790,,
1485,173,82,260,20230427,6,909.36329802724460,2025-06-02 18:00:32.790,,
1486,182,82,253,20230224,1,474.28697064101400,2025-06-02 18:00:32.790,,
1487,369,82,280,20231004,9,379.85485877814824,2025-06-02 18:00:32.790,,
1488,524,82,281,20230114,1,898.59399742151390,2025-06-02 18:00:32.790,,
1489,251,82,282,20230111,2,988.01972012739270,2025-06-02 18:00:32.790,,
1490,358,54,289,20230403,10,155.56117283820691,2025-06-02 18:00:32.790,,
1491,339,54,288,20230513,6,814.30010402068060,2025-06-02 18:00:32.790,,
1492,470,54,296,20231205,10,621.41711309452780,2025-06-02 18:00:32.790,,
1493,485,54,267,20230722,1,361.65772558572183,2025-06-02 18:00:32.790,,
1494,128,54,265,20231219,2,242.54680528895952,2025-06-02 18:00:32.790,,
1495,262,54,270,20231025,9,964.59577090381130,2025-06-02 18:00:32.790,,
1496,26,54,262,20230628,5,304.71273541720030,2025-06-02 18:00:32.790,,
1497,312,85,267,20230309,4,847.04854664935890,2025-06-02 18:00:32.790,,
1498,384,85,282,20231006,2,111.16757743481638,2025-06-02 18:00:32.790,,
1499,335,85,271,20230113,2,952.82479304997750,2025-06-02 18:00:32.790,,
1500,919,85,269,20231225,4,266.05637135077060,2025-06-02 18:00:32.790,,
1501,598,32,268,20231001,5,637.25017733187590,2025-06-02 18:00:32.790,,
1502,695,32,284,20230704,5,972.62475589769190,2025-06-02 18:00:32.790,,
1503,288,32,281,20230718,1,512.08659826340500,2025-06-02 18:00:32.790,,
1504,692,32,269,20231219,9,166.05877536086950,2025-06-02 18:00:32.790,,
1505,543,32,261,20230319,8,848.30039094972300,2025-06-02 18:00:32.790,,
1506,901,32,261,20230620,6,645.04682137221020,2025-06-02 18:00:32.790,,
1507,628,32,287,20231208,5,901.88688571913080,2025-06-02 18:00:32.790,,
1508,90,32,283,20230314,3,322.38877977250640,2025-06-02 18:00:32.790,,
1509,562,32,268,20230110,1,780.17131488004510,2025-06-02 18:00:32.790,,
1510,563,32,294,20230401,10,944.74972772515780,2025-06-02 18:00:32.790,,
1511,460,32,266,20230904,7,784.14111788877070,2025-06-02 18:00:32.790,,
1512,811,32,262,20230101,1,630.01650950827220,2025-06-02 18:00:32.790,,
1513,685,80,291,20230605,9,952.12859301188870,2025-06-02 18:00:32.790,,
1514,967,80,283,20231126,7,926.92990163691370,2025-06-02 18:00:32.790,,
1515,794,80,290,20230417,9,200.40350536308486,2025-06-02 18:00:32.790,,
1516,977,80,271,20230214,2,794.03435592555390,2025-06-02 18:00:32.790,,
1517,708,80,272,20230206,4,179.54423496458110,2025-06-02 18:00:32.790,,
1518,100,80,285,20230817,10,111.38267877855878,2025-06-02 18:00:32.790,,
1519,775,80,275,20230714,3,963.05811006494800,2025-06-02 18:00:32.790,,
1520,108,80,266,20230502,9,350.01611704077130,2025-06-02 18:00:32.790,,
1521,42,80,297,20231010,4,427.44069956417420,2025-06-02 18:00:32.790,,
1522,239,80,296,20231213,3,902.72226169894620,2025-06-02 18:00:32.790,,
1523,290,80,298,20230211,5,663.57872054279880,2025-06-02 18:00:32.790,,
1524,398,80,279,20230412,9,835.66154961139930,2025-06-02 18:00:32.790,,
1525,554,80,259,20230826,3,370.69662038796260,2025-06-02 18:00:32.790,,
1526,329,80,286,20230908,4,399.54823573474660,2025-06-02 18:00:32.790,,
1527,924,7,295,20231222,1,425.78007573017450,2025-06-02 18:00:32.790,,
1528,412,7,299,20230624,4,908.70959261649860,2025-06-02 18:00:32.790,,
1529,113,7,277,20231029,9,901.95133806757550,2025-06-02 18:00:32.790,,
1530,675,7,300,20230529,7,669.04120551638910,2025-06-02 18:00:32.790,,
1531,821,7,252,20230516,5,386.08970952639714,2025-06-02 18:00:32.790,,
1532,48,7,298,20230829,8,138.90039572870316,2025-06-02 18:00:32.790,,
1533,473,7,267,20230222,1,343.15803418982330,2025-06-02 18:00:32.790,,
1534,372,7,251,20230228,6,146.17536602227665,2025-06-02 18:00:32.790,,
1535,59,7,270,20230730,1,306.53596323983703,2025-06-02 18:00:32.790,,
1536,413,7,298,20230227,1,154.46111072214572,2025-06-02 18:00:32.790,,
1537,455,7,264,20230324,4,332.06258885952514,2025-06-02 18:00:32.790,,
1538,678,7,252,20230626,9,920.07620354428240,2025-06-02 18:00:32.790,,
1539,502,46,297,20231113,2,387.95065620350540,2025-06-02 18:00:32.790,,
1540,905,46,261,20230114,3,472.34163785008985,2025-06-02 18:00:32.790,,
1541,777,46,274,20231227,8,171.75753030332504,2025-06-02 18:00:32.790,,
1542,828,46,267,20230925,10,282.92425743945590,2025-06-02 18:00:32.790,,
1543,991,46,279,20231109,4,223.28142859890687,2025-06-02 18:00:32.790,,
1544,776,46,267,20230924,5,252.17298793574432,2025-06-02 18:00:32.790,,
1545,503,46,262,20231201,2,655.89906191714940,2025-06-02 18:00:32.790,,
1546,805,46,299,20230827,8,472.29866324840160,2025-06-02 18:00:32.790,,
1547,141,46,283,20230224,6,682.11026356159560,2025-06-02 18:00:32.790,,
1548,641,46,257,20230212,8,352.90644058304450,2025-06-02 18:00:32.790,,
1549,512,46,281,20231017,4,537.06162301709260,2025-06-02 18:00:32.790,,
1550,282,46,278,20230319,9,331.10427684942710,2025-06-02 18:00:32.790,,
1551,517,46,275,20230811,2,573.33362871950160,2025-06-02 18:00:32.790,,
1552,835,46,280,20231004,10,613.28928122206630,2025-06-02 18:00:32.790,,
1553,571,46,255,20230604,10,369.15718292146320,2025-06-02 18:00:32.790,,
1554,185,24,279,20230218,1,937.20457542405380,2025-06-02 18:00:32.790,,
1555,261,68,281,20230928,2,246.49477776951798,2025-06-02 18:00:32.790,,
1556,78,68,261,20230823,5,756.91461655045290,2025-06-02 18:00:32.790,,
1557,799,24,276,20230419,4,151.75832759471720,2025-06-02 18:00:32.790,,
1558,753,68,274,20230319,8,445.91849038656716,2025-06-02 18:00:32.790,,
1559,702,68,294,20231012,10,797.66184017640770,2025-06-02 18:00:32.790,,
1560,146,24,260,20231107,2,530.15518088108330,2025-06-02 18:00:32.790,,
1561,1,68,293,20231110,6,313.91926239161170,2025-06-02 18:00:32.790,,
1562,177,24,277,20230516,1,934.28928674684240,2025-06-02 18:00:32.790,,
1563,893,24,257,20230727,1,609.83038040526090,2025-06-02 18:00:32.790,,
1564,720,68,293,20230420,10,751.25454866588860,2025-06-02 18:00:32.790,,
1565,768,24,253,20230624,1,620.33270656030000,2025-06-02 18:00:32.790,,
1566,94,24,269,20230106,6,609.95358978340130,2025-06-02 18:00:32.790,,
1567,44,68,252,20231130,5,150.80982358332705,2025-06-02 18:00:32.790,,
1568,430,24,262,20231205,6,700.97681085724030,2025-06-02 18:00:32.790,,
1569,147,24,276,20230804,2,148.70333773079156,2025-06-02 18:00:32.790,,
1570,207,24,264,20230105,10,526.75192069131790,2025-06-02 18:00:32.790,,
1571,747,24,255,20230804,9,514.65810703207490,2025-06-02 18:00:32.790,,
1572,965,86,283,20231204,9,566.64895612100280,2025-06-02 18:00:32.790,,
1573,998,86,281,20231106,3,734.30311096892910,2025-06-02 18:00:32.790,,
1574,10,86,252,20230802,9,657.03808993993430,2025-06-02 18:00:32.790,,
1575,652,3,293,20230123,9,616.73644575173730,2025-06-02 18:00:32.790,,
1576,293,3,253,20230622,3,232.73227814208300,2025-06-02 18:00:32.790,,
1577,435,3,297,20230213,9,545.51527075977490,2025-06-02 18:00:32.790,,
1578,208,86,285,20230102,8,122.18371646137717,2025-06-02 18:00:32.790,,
1579,474,86,272,20230305,5,899.75927999452530,2025-06-02 18:00:32.790,,
1580,167,3,256,20231219,7,801.58477957680080,2025-06-02 18:00:32.790,,
1581,277,86,298,20231016,9,989.09946424316120,2025-06-02 18:00:32.790,,
1582,989,3,256,20230111,2,936.13731042798350,2025-06-02 18:00:32.790,,
1583,191,3,284,20230620,1,302.95657298359055,2025-06-02 18:00:32.790,,
1584,603,86,281,20230531,9,104.11237835237040,2025-06-02 18:00:32.790,,
1585,830,3,299,20230529,3,403.55460644846806,2025-06-02 18:00:32.790,,
1586,220,86,284,20230328,6,500.67813708833720,2025-06-02 18:00:32.790,,
1587,184,86,269,20231109,7,495.49368126329550,2025-06-02 18:00:32.790,,
1588,970,86,252,20230505,8,177.09321184088390,2025-06-02 18:00:32.790,,
1589,621,86,265,20231005,8,277.31924549363770,2025-06-02 18:00:32.790,,
1590,992,86,272,20231005,5,938.15740673015190,2025-06-02 18:00:32.790,,
1591,734,36,290,20230905,7,749.05718955820360,2025-06-02 18:00:32.790,,
1592,707,36,298,20230509,8,153.55772256179725,2025-06-02 18:00:32.790,,
1593,620,36,264,20230419,6,967.69487855597040,2025-06-02 18:00:32.790,,
1594,570,36,281,20230918,2,648.53200383340810,2025-06-02 18:00:32.790,,
1595,484,36,284,20230117,5,112.52800543979745,2025-06-02 18:00:32.790,,
1596,744,36,252,20231031,8,728.77281654917680,2025-06-02 18:00:32.790,,
1597,121,36,276,20230519,5,921.02258322586670,2025-06-02 18:00:32.790,,
1598,580,36,276,20230416,3,620.56707002688470,2025-06-02 18:00:32.790,,
1599,53,88,259,20231130,6,643.07726732619700,2025-06-02 18:00:32.790,,
1600,629,88,300,20231021,3,870.11521608464470,2025-06-02 18:00:32.790,,
1601,737,88,275,20230220,4,222.96109617940712,2025-06-02 18:00:32.790,,
1602,468,88,254,20230310,2,455.29792094369290,2025-06-02 18:00:32.790,,
1603,196,88,272,20230113,7,523.37984250982070,2025-06-02 18:00:32.790,,
1604,383,88,256,20231031,7,976.55268081686110,2025-06-02 18:00:32.790,,
1605,279,88,287,20230516,5,578.43124291863240,2025-06-02 18:00:32.790,,
1606,575,88,283,20230809,10,814.49268637111420,2025-06-02 18:00:32.790,,
1607,613,88,257,20230419,10,630.59342067673230,2025-06-02 18:00:32.790,,
1608,488,88,288,20230630,2,390.01819777035547,2025-06-02 18:00:32.790,,
1609,494,88,263,20230602,10,536.98404530019640,2025-06-02 18:00:32.790,,
1610,525,88,277,20230129,2,525.56620151647920,2025-06-02 18:00:32.790,,
1611,102,88,266,20230530,9,747.98832635774690,2025-06-02 18:00:32.790,,
1612,285,87,255,20231228,1,833.16665832818330,2025-06-02 18:00:32.790,,
1613,295,87,259,20230720,5,379.86649155045757,2025-06-02 18:00:32.790,,
1614,127,87,253,20231027,9,424.29238756126280,2025-06-02 18:00:32.790,,
1615,50,87,257,20230415,2,350.11736158190150,2025-06-02 18:00:32.790,,
1616,482,87,277,20230921,4,822.94940566416820,2025-06-02 18:00:32.790,,
1617,403,87,288,20230207,10,769.11528220150260,2025-06-02 18:00:32.790,,
1618,806,87,275,20230526,5,382.03358994595703,2025-06-02 18:00:32.790,,
1619,895,87,294,20230607,4,560.72327065458130,2025-06-02 18:00:32.790,,
1620,516,87,255,20230106,4,902.70770401178280,2025-06-02 18:00:32.790,,
1621,131,33,254,20231116,6,531.58175849960570,2025-06-02 18:00:32.790,,
1622,136,33,276,20230617,1,254.72870739017500,2025-06-02 18:00:32.790,,
1623,851,33,275,20230806,6,638.40623441715430,2025-06-02 18:00:32.790,,
1624,55,33,284,20230707,9,831.16680175258180,2025-06-02 18:00:32.790,,
1625,401,33,255,20230803,5,530.02428200268240,2025-06-02 18:00:32.790,,
1626,605,33,297,20231013,9,718.93274883208440,2025-06-02 18:00:32.790,,
1627,523,33,262,20230713,5,931.86206299320140,2025-06-02 18:00:32.790,,
1628,253,33,286,20230310,9,268.60389728650640,2025-06-02 18:00:32.790,,
1629,5,33,254,20231230,6,744.70796850175430,2025-06-02 18:00:32.790,,
1630,489,33,276,20230112,10,394.00064401108307,2025-06-02 18:00:32.790,,
1631,228,33,299,20231108,4,536.50285938407730,2025-06-02 18:00:32.790,,
1632,665,58,267,20230327,9,409.17790023933446,2025-06-02 18:00:32.790,,
1633,938,58,265,20230226,8,458.19590927597950,2025-06-02 18:00:32.790,,
1634,297,58,287,20231016,7,134.03449524448348,2025-06-02 18:00:32.790,,
1635,969,58,279,20230110,10,240.09624019818946,2025-06-02 18:00:32.790,,
1636,701,58,252,20231115,6,997.17402665251310,2025-06-02 18:00:32.790,,
1637,559,58,285,20230919,1,164.59128019600658,2025-06-02 18:00:32.790,,
1638,203,58,289,20230207,2,882.73149933495770,2025-06-02 18:00:32.790,,
1639,680,58,258,20230506,7,709.73985169153540,2025-06-02 18:00:32.790,,
1640,500,48,265,20230228,8,414.14026513119103,2025-06-02 18:00:32.790,,
1641,495,9,282,20230726,1,727.75925703611810,2025-06-02 18:00:32.790,,
1642,218,9,254,20230818,10,970.89602976646220,2025-06-02 18:00:32.790,,
1643,778,9,267,20230524,3,785.83115874509680,2025-06-02 18:00:32.790,,
1644,890,9,253,20231008,1,959.23842373667030,2025-06-02 18:00:32.790,,
1645,892,9,293,20230329,5,540.00406427920970,2025-06-02 18:00:32.790,,
1646,210,48,287,20230326,7,408.93423728225827,2025-06-02 18:00:32.790,,
1647,704,48,271,20230629,9,696.14727378895260,2025-06-02 18:00:32.790,,
1648,650,48,256,20230605,9,394.32872774472054,2025-06-02 18:00:32.790,,
1649,394,9,267,20230313,10,104.65077436993477,2025-06-02 18:00:32.790,,
1650,519,48,299,20230125,6,637.29239006361890,2025-06-02 18:00:32.790,,
1651,870,9,270,20230210,1,342.39771817339624,2025-06-02 18:00:32.790,,
1652,232,9,257,20230409,3,223.59343217005950,2025-06-02 18:00:32.790,,
1653,779,48,254,20230920,10,288.57438617387960,2025-06-02 18:00:32.790,,
1654,691,48,262,20231203,5,104.53557059604755,2025-06-02 18:00:32.790,,
1655,346,48,263,20230307,10,670.62386041488380,2025-06-02 18:00:32.790,,
1656,770,9,265,20231117,8,763.14578071486700,2025-06-02 18:00:32.790,,
1657,547,48,252,20230821,3,328.17091717819400,2025-06-02 18:00:32.790,,
1658,709,48,282,20230702,6,217.74410613932640,2025-06-02 18:00:32.790,,
1659,845,48,294,20231211,1,726.28555535596320,2025-06-02 18:00:32.790,,
1660,209,9,258,20230221,7,930.48085363107740,2025-06-02 18:00:32.790,,
1661,784,48,276,20230620,7,488.49007477164550,2025-06-02 18:00:32.790,,
1662,25,9,264,20231030,2,931.12970448808470,2025-06-02 18:00:32.790,,
1663,765,48,257,20230325,9,330.59584221935677,2025-06-02 18:00:32.790,,
1664,771,19,263,20230315,8,363.86838587786997,2025-06-02 18:00:32.790,,
1665,448,19,282,20230716,5,552.45324246372370,2025-06-02 18:00:32.790,,
1666,36,19,293,20230516,6,370.74927315003777,2025-06-02 18:00:32.790,,
1667,354,19,253,20230909,8,586.66864249512560,2025-06-02 18:00:32.790,,
1668,993,19,265,20230611,4,689.21866469828440,2025-06-02 18:00:32.790,,
1669,241,19,298,20230225,1,107.40001585734426,2025-06-02 18:00:32.790,,
1670,926,19,292,20230417,1,817.66278350330960,2025-06-02 18:00:32.790,,
1671,134,19,257,20231118,4,822.99330494300440,2025-06-02 18:00:32.790,,
1672,414,19,286,20231211,2,415.95972078654540,2025-06-02 18:00:32.790,,
1673,7,19,263,20230222,1,122.84289293636252,2025-06-02 18:00:32.790,,
1674,529,19,277,20230125,9,590.25682522663960,2025-06-02 18:00:32.790,,
1675,611,64,289,20231115,2,975.77820778156650,2025-06-02 18:00:32.790,,
1676,841,28,287,20230320,8,691.73761579569590,2025-06-02 18:00:32.790,,
1677,882,28,294,20230929,4,826.28711677723580,2025-06-02 18:00:32.790,,
1678,202,28,288,20231025,7,667.39003050426290,2025-06-02 18:00:32.790,,
1679,272,64,296,20231211,9,782.41785259702080,2025-06-02 18:00:32.790,,
1680,242,64,262,20230301,5,691.19797819652400,2025-06-02 18:00:32.790,,
1681,531,28,258,20230301,2,660.34927785408150,2025-06-02 18:00:32.790,,
1682,635,64,272,20230223,10,462.66109525599640,2025-06-02 18:00:32.790,,
1683,86,64,279,20230717,3,326.99108275887660,2025-06-02 18:00:32.790,,
1684,341,64,278,20231015,3,625.73991414722900,2025-06-02 18:00:32.790,,
1685,373,64,280,20230115,1,972.76942779564600,2025-06-02 18:00:32.790,,
1686,16,28,291,20231031,3,498.09598564614750,2025-06-02 18:00:32.790,,
1687,320,28,251,20231201,10,357.94737354614850,2025-06-02 18:00:32.790,,
1688,166,64,255,20230220,6,718.86693758318890,2025-06-02 18:00:32.790,,
1689,142,64,281,20230823,8,329.37727119960977,2025-06-02 18:00:32.790,,
1690,463,28,287,20230831,3,809.34591621338760,2025-06-02 18:00:32.790,,
1691,385,28,292,20230331,1,846.64537519992870,2025-06-02 18:00:32.790,,
1692,505,64,287,20230704,8,920.86004792469270,2025-06-02 18:00:32.790,,
1693,640,1,271,20231015,1,562.61358767999760,2025-06-02 18:00:32.790,,
1694,663,1,280,20231120,4,787.91441693941730,2025-06-02 18:00:32.790,,
1695,986,1,254,20230216,2,721.12387479351160,2025-06-02 18:00:32.790,,
1696,823,18,297,20230608,7,917.72910177605880,2025-06-02 18:00:32.790,,
1697,135,18,263,20230925,1,499.75168424626247,2025-06-02 18:00:32.790,,
1698,904,18,267,20231125,10,437.04383147522526,2025-06-02 18:00:32.790,,
1699,395,18,267,20230118,7,798.67315785215930,2025-06-02 18:00:32.790,,
1700,687,18,300,20230430,4,955.25793324334310,2025-06-02 18:00:32.790,,
1701,581,18,283,20231217,3,759.20613439263430,2025-06-02 18:00:32.790,,
1702,440,18,283,20230306,1,958.84054302526370,2025-06-02 18:00:32.790,,
1703,661,18,254,20230109,2,122.20173921347760,2025-06-02 18:00:32.790,,
1704,787,34,278,20230511,9,613.52183012345840,2025-06-02 18:00:32.790,,
1705,666,34,281,20231015,4,275.60075640403466,2025-06-02 18:00:32.790,,
1706,908,34,290,20230113,9,235.05136885945393,2025-06-02 18:00:32.790,,
1707,636,34,267,20230423,4,684.63785734174020,2025-06-02 18:00:32.790,,
1708,983,34,267,20230324,1,293.16227609545590,2025-06-02 18:00:32.790,,
1709,567,34,295,20230509,5,894.13347319492660,2025-06-02 18:00:32.790,,
1710,396,34,262,20230208,3,994.36902137066860,2025-06-02 18:00:32.790,,
1711,20,34,263,20231008,9,970.88880187795460,2025-06-02 18:00:32.790,,
1712,569,34,260,20230104,7,275.49693133361586,2025-06-02 18:00:32.790,,
1713,74,34,271,20230413,4,656.13935574360710,2025-06-02 18:00:32.790,,
1714,266,34,274,20230602,8,878.63500016015430,2025-06-02 18:00:32.790,,
1715,120,34,299,20230424,10,719.20439068727460,2025-06-02 18:00:32.790,,
1716,3,10,256,20230811,1,757.89733461860160,2025-06-02 18:00:32.790,,
1717,317,10,274,20230313,8,328.55449003431180,2025-06-02 18:00:32.790,,
1718,728,10,261,20230529,3,523.19205333859120,2025-06-02 18:00:32.790,,
1719,796,10,271,20230411,5,785.05441587745440,2025-06-02 18:00:32.790,,
1720,887,10,283,20230617,3,657.55586272859740,2025-06-02 18:00:32.790,,
1721,925,41,297,20231106,10,152.95698971855960,2025-06-02 18:00:32.790,,
1722,540,41,289,20231129,8,701.93421843941800,2025-06-02 18:00:32.790,,
1723,162,41,256,20230829,5,632.89772177645420,2025-06-02 18:00:32.790,,
1724,532,41,261,20230613,2,854.20811464318840,2025-06-02 18:00:32.790,,
1725,654,41,271,20230924,3,670.60527373073500,2025-06-02 18:00:32.790,,
1726,148,41,294,20230517,5,827.71679963815630,2025-06-02 18:00:32.790,,
1727,974,41,260,20230224,3,230.77345129627605,2025-06-02 18:00:32.790,,
1728,725,41,288,20230708,5,332.24515618699303,2025-06-02 18:00:32.790,,
1729,199,41,291,20230720,4,925.81966157098570,2025-06-02 18:00:32.790,,
1730,378,41,269,20230101,2,854.50901055349300,2025-06-02 18:00:32.790,,
1731,274,41,251,20230822,4,585.27456212293240,2025-06-02 18:00:32.790,,
1732,824,41,266,20231115,6,593.56287020216590,2025-06-02 18:00:32.790,,
1733,574,41,262,20230309,3,455.05619669560180,2025-06-02 18:00:32.790,,
1734,816,41,268,20231219,4,590.15599236759180,2025-06-02 18:00:32.790,,
1735,31,41,289,20230326,1,391.61074792666403,2025-06-02 18:00:32.790,,
1736,858,44,260,20230727,4,714.20253002364260,2025-06-02 18:00:32.790,,
1737,710,44,291,20230808,9,900.99132945943650,2025-06-02 18:00:32.790,,
1738,555,44,252,20230204,1,541.64229566444280,2025-06-02 18:00:32.790,,
1739,673,44,269,20230131,3,382.04652659643570,2025-06-02 18:00:32.790,,
1740,431,44,296,20230403,7,874.23284134242990,2025-06-02 18:00:32.790,,
1741,727,44,295,20231213,7,711.14597015062450,2025-06-02 18:00:32.790,,
1742,338,44,272,20230507,1,700.47174744632570,2025-06-02 18:00:32.790,,
1743,400,44,251,20230217,5,458.68581852495030,2025-06-02 18:00:32.790,,
1744,370,44,274,20230916,5,298.53266312741675,2025-06-02 18:00:32.790,,
1745,336,44,270,20230211,10,485.00134971511870,2025-06-02 18:00:32.790,,
1746,91,44,267,20230703,7,454.15805350237500,2025-06-02 18:00:32.790,,
1747,589,44,287,20230324,1,353.58144052839360,2025-06-02 18:00:32.790,,
1748,501,44,291,20231009,6,976.00662690038620,2025-06-02 18:00:32.790,,
1749,542,44,281,20231113,6,520.78330987993590,2025-06-02 18:00:32.790,,
1750,633,44,281,20230929,10,309.16129209846457,2025-06-02 18:00:32.790,,
1751,526,44,276,20231206,8,675.40441246852410,2025-06-02 18:00:32.790,,
1752,942,44,292,20230929,10,519.19362020373380,2025-06-02 18:00:32.790,,
1753,438,4,257,20230505,9,938.21063226994540,2025-06-02 18:00:32.790,,
1754,259,4,293,20230402,2,608.61163321159850,2025-06-02 18:00:32.790,,
1755,639,29,292,20231112,8,838.50725307406060,2025-06-02 18:00:32.790,,
1756,781,4,287,20230503,10,764.85040409898160,2025-06-02 18:00:32.790,,
1757,454,29,259,20230828,1,802.25261210721210,2025-06-02 18:00:32.790,,
1758,280,4,254,20231214,7,496.93157257952566,2025-06-02 18:00:32.790,,
1759,591,4,281,20231021,1,613.91255104771820,2025-06-02 18:00:32.790,,
1760,852,4,256,20230529,6,743.09754264682150,2025-06-02 18:00:32.790,,
1761,933,29,287,20231221,2,217.60493920749144,2025-06-02 18:00:32.790,,
1762,987,4,254,20230813,3,840.67415913988160,2025-06-02 18:00:32.790,,
1763,222,4,271,20230306,3,545.76850318062050,2025-06-02 18:00:32.790,,
1764,308,29,279,20230414,4,380.41114951168043,2025-06-02 18:00:32.790,,
1765,115,29,256,20230830,9,794.28027747858430,2025-06-02 18:00:32.790,,
1766,803,29,254,20230801,4,877.47364717010280,2025-06-02 18:00:32.790,,
1767,490,4,271,20230409,9,523.52275897969060,2025-06-02 18:00:32.790,,
1768,348,29,260,20231129,4,675.84818155039560,2025-06-02 18:00:32.790,,
1769,810,29,286,20230914,10,794.16326132608150,2025-06-02 18:00:32.790,,
1770,928,29,283,20230607,2,557.70823017307550,2025-06-02 18:00:32.790,,
1771,530,4,292,20230224,4,602.14679611718450,2025-06-02 18:00:32.790,,
1772,769,29,275,20231218,2,460.41668600915455,2025-06-02 18:00:32.790,,
1773,729,4,295,20230212,2,823.06598555911970,2025-06-02 18:00:32.790,,
1774,619,4,252,20230904,6,288.62613998768020,2025-06-02 18:00:32.790,,
1775,364,29,268,20230912,10,918.11129408211150,2025-06-02 18:00:32.790,,
1776,566,4,297,20230409,9,705.05288519156370,2025-06-02 18:00:32.790,,
1777,756,29,290,20231029,1,701.45862574167590,2025-06-02 18:00:32.790,,
1778,872,79,265,20231210,1,186.04033153196679,2025-06-02 18:00:32.790,,
1779,190,79,287,20230514,10,382.57601531309450,2025-06-02 18:00:32.790,,
1780,899,79,274,20230223,6,617.58015573555440,2025-06-02 18:00:32.790,,
1781,117,79,258,20230319,2,382.33875625423997,2025-06-02 18:00:32.790,,
1782,498,79,292,20230317,9,206.00189582768990,2025-06-02 18:00:32.790,,
1783,22,79,277,20231029,2,123.99605549815979,2025-06-02 18:00:32.790,,
1784,243,8,282,20230709,7,383.90459919493310,2025-06-02 18:00:32.790,,
1785,913,79,298,20230519,6,176.07827919087663,2025-06-02 18:00:32.790,,
1786,718,79,257,20230924,1,590.53858085515540,2025-06-02 18:00:32.790,,
1787,564,8,272,20230117,8,853.58983641706830,2025-06-02 18:00:32.790,,
1788,223,79,257,20230306,4,260.13884512096920,2025-06-02 18:00:32.790,,
1789,496,79,287,20230824,8,851.01401734943420,2025-06-02 18:00:32.790,,
1790,49,8,294,20231204,6,787.16443530077820,2025-06-02 18:00:32.790,,
1791,245,79,266,20230914,5,583.59611535173310,2025-06-02 18:00:32.790,,
1792,662,8,253,20230907,2,164.29552069182360,2025-06-02 18:00:32.790,,
1793,560,79,276,20230121,10,137.96962299121765,2025-06-02 18:00:32.790,,
1794,368,8,252,20230409,5,857.62869607233370,2025-06-02 18:00:32.790,,
1795,422,79,268,20230602,1,156.53274629022226,2025-06-02 18:00:32.790,,
1796,390,8,285,20230625,10,425.25972817007360,2025-06-02 18:00:32.790,,
1797,264,79,262,20230621,6,330.85492633003310,2025-06-02 18:00:32.790,,
1798,873,79,296,20230716,3,252.60693463878502,2025-06-02 18:00:32.790,,
1799,585,11,289,20230310,1,799.39077038016480,2025-06-02 18:00:32.790,,
1800,614,11,281,20230905,1,298.40004327712460,2025-06-02 18:00:32.790,,
1801,443,11,277,20230207,3,723.04615637864910,2025-06-02 18:00:32.790,,
1802,723,11,267,20230902,5,424.53489336667030,2025-06-02 18:00:32.790,,
1803,626,11,294,20230727,8,362.42657728644355,2025-06-02 18:00:32.790,,
1804,46,11,278,20231030,1,133.68854891742410,2025-06-02 18:00:32.790,,
1805,721,67,262,20230902,2,314.11721644137460,2025-06-02 18:00:32.790,,
1806,910,2,262,20230919,10,622.88578780189680,2025-06-02 18:00:32.790,,
1807,322,67,283,20230210,10,421.08319423152335,2025-06-02 18:00:32.790,,
1808,493,67,252,20230301,7,507.62101738577434,2025-06-02 18:00:32.790,,
1809,152,67,265,20231128,4,499.46123093038256,2025-06-02 18:00:32.790,,
1810,758,84,298,20230716,6,146.90485362305387,2025-06-02 18:00:32.790,,
1811,315,84,295,20230211,2,231.93110679806490,2025-06-02 18:00:32.790,,
1812,428,84,254,20231113,3,134.87792181383685,2025-06-02 18:00:32.790,,
1813,415,2,278,20230706,8,729.34303076238180,2025-06-02 18:00:32.790,,
1814,268,84,255,20230722,6,501.58782791471197,2025-06-02 18:00:32.790,,
1815,876,67,277,20230408,7,265.72772589832016,2025-06-02 18:00:32.790,,
1816,319,2,294,20230504,6,482.42393637133980,2025-06-02 18:00:32.790,,
1817,235,84,300,20231202,7,754.43834928984920,2025-06-02 18:00:32.790,,
1818,814,67,298,20230121,9,421.79154357634394,2025-06-02 18:00:32.790,,
1819,596,2,299,20231225,2,416.19487667611970,2025-06-02 18:00:32.790,,
1820,186,84,266,20230329,8,197.97130847850678,2025-06-02 18:00:32.790,,
1821,670,84,272,20230612,6,797.02490463375690,2025-06-02 18:00:32.790,,
1822,304,67,255,20230909,1,443.19719822633460,2025-06-02 18:00:32.790,,
1823,30,84,277,20230104,4,981.41583578174120,2025-06-02 18:00:32.790,,
1824,608,84,299,20230227,9,162.29284222626694,2025-06-02 18:00:32.790,,
1825,99,2,300,20230413,1,160.51988612576096,2025-06-02 18:00:32.790,,
1826,273,84,268,20230301,1,295.07983902763567,2025-06-02 18:00:32.790,,
1827,955,67,281,20230122,5,927.88439850887280,2025-06-02 18:00:32.790,,
1828,836,84,285,20230609,9,504.20434795858360,2025-06-02 18:00:32.790,,
1829,224,84,269,20230726,8,140.86134186663530,2025-06-02 18:00:32.790,,
1830,302,67,284,20231209,3,510.11532250800600,2025-06-02 18:00:32.790,,
1831,479,84,268,20230628,10,333.73885086113660,2025-06-02 18:00:32.790,,
1832,37,67,258,20230813,2,154.63022290822616,2025-06-02 18:00:32.790,,
1833,712,27,283,20230211,2,885.30926460977580,2025-06-02 18:00:32.790,,
1834,590,27,260,20230428,4,603.49667737761380,2025-06-02 18:00:32.790,,
1835,73,27,274,20230819,4,852.48563321295260,2025-06-02 18:00:32.790,,
1836,732,27,285,20230507,9,539.72821268983010,2025-06-02 18:00:32.790,,
1837,683,27,270,20230813,9,477.05638746751015,2025-06-02 18:00:32.790,,
1838,693,27,253,20230316,1,500.79323626529540,2025-06-02 18:00:32.790,,
1839,927,27,253,20230617,4,115.48583079879549,2025-06-02 18:00:32.790,,
1840,246,27,278,20230706,10,334.60609410388815,2025-06-02 18:00:32.790,,
1841,95,27,256,20230305,10,974.99074491247110,2025-06-02 18:00:32.790,,
1842,301,27,285,20230716,5,622.21577282918130,2025-06-02 18:00:32.790,,
1843,391,27,274,20230116,3,261.58132798350334,2025-06-02 18:00:32.790,,
1844,818,27,270,20231218,9,925.72146768324160,2025-06-02 18:00:32.790,,
1845,807,96,277,20230831,2,768.32549394085920,2025-06-02 18:00:32.790,,
1846,932,96,271,20230813,7,741.08812993848410,2025-06-02 18:00:32.790,,
1847,883,96,286,20230820,6,431.19143858065735,2025-06-02 18:00:32.790,,
1848,996,96,285,20230703,4,196.44514750040940,2025-06-02 18:00:32.790,,
1849,24,96,266,20230413,6,611.19859354407940,2025-06-02 18:00:32.790,,
1850,550,96,271,20230208,4,483.84605088027484,2025-06-02 18:00:32.790,,
1851,956,96,279,20230602,1,246.91688413065154,2025-06-02 18:00:32.790,,
1852,198,96,300,20231118,7,492.92256473090390,2025-06-02 18:00:32.790,,
1853,258,96,279,20231101,5,897.08879178406410,2025-06-02 18:00:32.790,,
1854,588,96,251,20230224,9,832.27667849687550,2025-06-02 18:00:32.790,,
1855,515,96,264,20230616,2,397.53422598315944,2025-06-02 18:00:32.790,,
1856,342,96,254,20231020,2,375.97179818353885,2025-06-02 18:00:32.790,,
1857,318,98,299,20230601,5,981.93573600372630,2025-06-02 18:00:32.790,,
1858,808,98,293,20230823,3,448.98905623911970,2025-06-02 18:00:32.790,,
1859,343,98,288,20230507,7,614.57217325279040,2025-06-02 18:00:32.790,,
1860,487,98,270,20230305,6,915.88753741935920,2025-06-02 18:00:32.790,,
1861,219,98,279,20231213,8,618.50542543223290,2025-06-02 18:00:32.790,,
1862,643,98,280,20230811,7,841.20134401005450,2025-06-02 18:00:32.790,,
1863,296,98,258,20231214,1,619.36749700018440,2025-06-02 18:00:32.790,,
1864,653,98,295,20230807,7,289.18504314530423,2025-06-02 18:00:32.790,,
1865,684,98,259,20230309,10,744.88905514941200,2025-06-02 18:00:32.790,,
1866,627,77,275,20230626,2,216.94684298788013,2025-06-02 18:00:32.790,,
1867,114,77,300,20230629,3,739.11655837744650,2025-06-02 18:00:32.790,,
1868,452,40,256,20230719,2,214.50967113329130,2025-06-02 18:00:32.790,,
1869,688,40,269,20231127,7,578.44692804540230,2025-06-02 18:00:32.790,,
1870,236,77,297,20230723,5,566.04393845441750,2025-06-02 18:00:32.790,,
1871,939,40,270,20231229,7,626.39066359633770,2025-06-02 18:00:32.790,,
1872,457,40,278,20231004,5,604.72458883545550,2025-06-02 18:00:32.790,,
1873,408,77,290,20230704,5,585.08702820375650,2025-06-02 18:00:32.790,,
1874,730,40,251,20231206,7,470.83570123663530,2025-06-02 18:00:32.790,,
1875,325,40,263,20231007,3,365.79279861208533,2025-06-02 18:00:32.790,,
1876,331,77,271,20230331,4,341.15215728981060,2025-06-02 18:00:32.790,,
1877,556,77,255,20230328,9,340.33264037540823,2025-06-02 18:00:32.790,,
1878,551,77,293,20231023,3,609.70403110120960,2025-06-02 18:00:32.790,,
1879,984,77,271,20230706,9,644.97457573084890,2025-06-02 18:00:32.790,,
1880,83,77,278,20230504,1,632.64809527969120,2025-06-02 18:00:32.790,,
1881,192,77,268,20230608,8,129.18086044593193,2025-06-02 18:00:32.790,,
1882,360,40,260,20230621,8,774.50046560434740,2025-06-02 18:00:32.790,,
1883,848,77,280,20230413,4,734.72201593850060,2025-06-02 18:00:32.790,,
1884,492,77,300,20230218,7,346.24587501082950,2025-06-02 18:00:32.790,,
1885,160,40,295,20230205,2,878.33919224654180,2025-06-02 18:00:32.790,,
1886,677,77,288,20231101,8,517.29500102777590,2025-06-02 18:00:32.790,,
1887,1000,40,289,20230412,6,469.66506025854164,2025-06-02 18:00:32.790,,
1888,57,40,257,20231101,6,486.87348525595434,2025-06-02 18:00:32.790,,
1889,527,77,284,20230910,8,844.87098599032990,2025-06-02 18:00:32.790,,
1890,404,40,289,20231120,9,336.87165737618670,2025-06-02 18:00:32.790,,
1891,973,77,278,20230425,1,302.09082356773770,2025-06-02 18:00:32.790,,
1892,736,75,283,20231220,10,522.41986883415960,2025-06-02 18:00:32.790,,
1893,842,75,252,20230922,9,300.04723709866280,2025-06-02 18:00:32.790,,
1894,578,75,291,20230429,8,934.42405753616540,2025-06-02 18:00:32.790,,
1895,12,75,268,20230718,4,123.98998486701024,2025-06-02 18:00:32.790,,
1896,715,75,296,20230107,8,580.12441315820910,2025-06-02 18:00:32.790,,
1897,402,75,290,20230511,9,575.10478940907710,2025-06-02 18:00:32.790,,
1898,999,75,255,20230622,4,982.08695750366330,2025-06-02 18:00:32.790,,
1899,289,75,251,20230726,5,520.44978132658570,2025-06-02 18:00:32.790,,
1900,171,75,270,20230219,6,750.61523417737640,2025-06-02 18:00:32.790,,
1901,897,75,288,20230830,5,617.42344039924180,2025-06-02 18:00:32.790,,
1902,27,75,297,20231031,2,917.32063900702680,2025-06-02 18:00:32.790,,
1903,206,73,294,20231231,5,988.59257009505680,2025-06-02 18:00:32.790,,
1904,386,73,286,20230525,6,380.72368286697080,2025-06-02 18:00:32.790,,
1905,238,73,265,20230724,10,203.70219248116120,2025-06-02 18:00:32.790,,
1906,40,73,291,20231214,5,176.08564177855965,2025-06-02 18:00:32.790,,
1907,898,73,255,20230622,7,998.89061022054890,2025-06-02 18:00:32.790,,
1908,825,73,300,20231203,2,830.90712738689260,2025-06-02 18:00:32.790,,
1909,143,73,295,20230728,3,322.72414421674046,2025-06-02 18:00:32.790,,
1910,72,73,291,20230809,10,295.69314230830180,2025-06-02 18:00:32.790,,
1911,291,38,264,20231224,7,106.34830830563904,2025-06-02 18:00:32.790,,
1912,178,38,273,20230808,7,249.38143517962536,2025-06-02 18:00:32.790,,
1913,584,38,257,20230710,6,545.46928358987980,2025-06-02 18:00:32.790,,
1914,792,38,296,20231203,9,651.33121028458750,2025-06-02 18:00:32.790,,
1915,971,38,298,20230323,7,208.76894802596507,2025-06-02 18:00:32.790,,
1916,602,38,262,20230821,6,892.69257062756600,2025-06-02 18:00:32.790,,
1917,722,38,265,20230112,4,893.61101283895060,2025-06-02 18:00:32.790,,
1918,389,38,280,20230824,8,166.22044957685700,2025-06-02 18:00:32.790,,
1919,350,38,289,20230123,10,282.74188517307550,2025-06-02 18:00:32.790,,
1920,469,99,251,20230805,3,358.15279927571340,2025-06-02 18:00:32.790,,
1921,32,99,267,20230809,4,973.51617701613540,2025-06-02 18:00:32.790,,
1922,646,99,257,20230517,9,964.49747952085040,2025-06-02 18:00:32.790,,
1923,216,99,293,20231121,6,939.14675590286780,2025-06-02 18:00:32.790,,
1924,601,99,270,20231104,3,613.27000635955880,2025-06-02 18:00:32.790,,
1925,866,99,274,20231111,1,937.17431450427820,2025-06-02 18:00:32.790,,
1926,124,99,266,20230825,5,807.43526127790100,2025-06-02 18:00:32.790,,
1927,255,99,290,20230610,1,702.79277086151420,2025-06-02 18:00:32.790,,
1928,538,99,276,20230116,4,897.02906886215660,2025-06-02 18:00:32.790,,
1929,846,99,270,20230414,9,724.00796207588510,2025-06-02 18:00:32.790,,
1930,93,62,282,20231222,1,497.44359026876460,2025-06-02 18:00:32.790,,
1931,978,62,258,20230807,8,648.49440133768540,2025-06-02 18:00:32.790,,
1932,854,62,280,20231106,4,157.10183403135585,2025-06-02 18:00:32.790,,
1933,757,62,266,20231024,8,367.45147614608250,2025-06-02 18:00:32.790,,
1934,164,62,271,20231127,10,828.45719097500980,2025-06-02 18:00:32.790,,
1935,948,62,253,20230603,10,524.57022506105720,2025-06-02 18:00:32.790,,
1936,111,62,263,20230720,5,272.88574182539060,2025-06-02 18:00:32.790,,
1937,719,62,300,20230201,3,413.30905516003156,2025-06-02 18:00:32.790,,
1938,731,12,294,20230902,3,798.64507292972390,2025-06-02 18:00:32.790,,
1939,299,12,300,20230523,3,382.97833814620630,2025-06-02 18:00:32.790,,
1940,64,12,251,20230806,8,459.36927306318034,2025-06-02 18:00:32.790,,
1941,271,12,288,20231022,5,120.02993880805371,2025-06-02 18:00:32.790,,
1942,447,12,257,20230803,10,533.52580475158220,2025-06-02 18:00:32.790,,
1943,497,47,291,20230831,2,461.74595873572130,2025-06-02 18:00:32.790,,
1944,125,12,289,20230512,3,909.07975105171240,2025-06-02 18:00:32.790,,
1945,465,47,254,20231002,7,273.20368978818160,2025-06-02 18:00:32.790,,
1946,669,47,258,20230726,5,568.37345421941060,2025-06-02 18:00:32.790,,
1947,132,12,254,20230313,4,656.71523392681650,2025-06-02 18:00:32.790,,
1948,63,47,282,20230312,8,527.82463967040350,2025-06-02 18:00:32.790,,
1949,907,12,294,20231106,5,436.35743687294820,2025-06-02 18:00:32.790,,
1950,918,47,269,20230603,4,983.59220024499050,2025-06-02 18:00:32.790,,
1951,165,47,281,20230428,1,797.10401507630310,2025-06-02 18:00:32.790,,
1952,988,12,251,20230903,9,807.43530113865770,2025-06-02 18:00:32.790,,
1953,456,69,285,20230626,4,598.25938694551610,2025-06-02 18:00:32.790,,
1954,39,69,300,20230124,5,179.15399630863516,2025-06-02 18:00:32.790,,
1955,61,69,283,20230608,5,334.86645167358940,2025-06-02 18:00:32.790,,
1956,156,69,294,20230328,5,384.34117173349130,2025-06-02 18:00:32.790,,
1957,405,69,267,20231119,1,717.38946634544790,2025-06-02 18:00:32.790,,
1958,610,69,271,20230304,7,253.37435851755473,2025-06-02 18:00:32.790,,
1959,461,69,293,20231015,3,336.45903973383554,2025-06-02 18:00:32.790,,
1960,101,69,259,20230321,6,790.75042331367790,2025-06-02 18:00:32.790,,
1961,38,69,277,20231031,4,608.46384479946190,2025-06-02 18:00:32.790,,
1962,889,69,271,20230226,10,870.75930968731200,2025-06-02 18:00:32.790,,
1963,935,95,257,20230726,10,425.94217888490930,2025-06-02 18:00:32.790,,
1964,19,92,263,20231015,1,852.11378882387900,2025-06-02 18:00:32.790,,
1965,179,95,285,20230829,10,580.91845197144180,2025-06-02 18:00:32.790,,
1966,638,92,295,20230211,1,419.74749244129345,2025-06-02 18:00:32.790,,
1967,597,95,285,20230312,8,295.88417112194080,2025-06-02 18:00:32.790,,
1968,672,95,281,20230805,6,473.02257107931865,2025-06-02 18:00:32.790,,
1969,568,91,294,20230324,7,836.07295261838460,2025-06-02 18:00:32.790,,
1970,698,91,294,20230925,5,531.18746287567010,2025-06-02 18:00:32.790,,
1971,130,91,292,20230621,8,600.85614719881520,2025-06-02 18:00:32.790,,
1972,754,92,266,20230403,3,637.33760744021890,2025-06-02 18:00:32.790,,
1973,110,95,284,20230304,3,764.82071094376730,2025-06-02 18:00:32.790,,
1974,886,92,261,20230915,7,146.72292780122737,2025-06-02 18:00:32.790,,
1975,45,95,297,20231229,7,269.97969400474994,2025-06-02 18:00:32.790,,
1976,96,92,291,20230911,7,172.47988472823147,2025-06-02 18:00:32.790,,
1977,353,95,280,20231105,5,559.22073450328750,2025-06-02 18:00:32.790,,
1978,464,91,264,20230929,6,909.70947061378800,2025-06-02 18:00:32.790,,
1979,52,95,293,20230111,7,806.03421112597150,2025-06-02 18:00:32.790,,
1980,618,92,289,20231228,8,181.70334707449660,2025-06-02 18:00:32.790,,
1981,586,92,272,20230912,3,469.83972418681174,2025-06-02 18:00:32.790,,
1982,286,95,275,20230808,6,568.14068415044790,2025-06-02 18:00:32.790,,
1983,201,95,259,20230308,5,638.73318306456450,2025-06-02 18:00:32.790,,
1984,857,95,252,20230822,5,709.21304208599780,2025-06-02 18:00:32.790,,
1985,154,91,286,20230105,7,469.25032624026124,2025-06-02 18:00:32.790,,
1986,509,95,300,20230418,6,630.42110223853100,2025-06-02 18:00:32.790,,
1987,772,92,298,20230728,5,263.93866764984114,2025-06-02 18:00:32.790,,
1988,930,95,280,20230729,2,518.52926848624970,2025-06-02 18:00:32.790,,
1989,332,95,261,20231214,3,583.78117849448820,2025-06-02 18:00:32.790,,
1990,436,92,264,20230626,9,841.43135523391620,2025-06-02 18:00:32.790,,
1991,964,92,264,20230810,3,782.31615498717350,2025-06-02 18:00:32.790,,
1992,82,95,293,20230709,1,387.92095568181963,2025-06-02 18:00:32.790,,
1993,716,92,253,20230103,10,799.98914374513160,2025-06-02 18:00:32.790,,
1994,674,76,292,20230120,7,572.52967921321760,2025-06-02 18:00:32.790,,
1995,982,76,294,20230702,2,819.97175305562900,2025-06-02 18:00:32.790,,
1996,511,76,271,20230525,1,458.13915878631910,2025-06-02 18:00:32.790,,
1997,671,76,254,20230109,7,691.81732804015390,2025-06-02 18:00:32.790,,
1998,793,76,278,20230706,8,876.62213623552700,2025-06-02 18:00:32.790,,
1999,812,76,293,20230127,10,676.62878146164760,2025-06-02 18:00:32.790,,
2000,865,76,257,20231114,5,388.24570127188080,2025-06-02 18:00:32.790,,
